filename,split,channel,min,max,mean,std,rms
1.edf,train,EEG Fp1,-0.00051,0.001132,-1.4e-05,3e-05,3.3e-05
1.edf,train,EEG Fp2,-0.0006,0.000621,-2.7e-05,2.3e-05,3.5e-05
1.edf,train,EEG Fpz,-0.000928,0.000588,-1.7e-05,2.7e-05,3.2e-05
1.edf,train,EEG F7,-0.000704,0.000514,-1.5e-05,1.5e-05,2.1e-05
1.edf,train,EEG F3,-0.000201,0.000336,1.3e-05,1.1e-05,1.7e-05
1.edf,train,EEG Fz,-3.3e-05,0.000215,5.8e-05,1e-05,5.9e-05
1.edf,train,EEG F4,-0.000355,0.000397,-1.8e-05,1e-05,2.1e-05
1.edf,train,EEG F8,-0.000414,0.000288,-2.3e-05,1.3e-05,2.7e-05
1.edf,train,EEG FC5,-0.000336,0.000338,-8e-06,1.1e-05,1.4e-05
1.edf,train,EEG FC1,-9.9e-05,6.4e-05,-2.8e-05,6e-06,2.9e-05
1.edf,train,EEG FC2,-1.4e-05,0.000205,4.9e-05,6e-06,4.9e-05
1.edf,train,EEG FC6,-0.000358,0.000316,-2.8e-05,9e-06,2.9e-05
1.edf,train,EEG M1,-0.000172,0.000175,-2.1e-05,1.4e-05,2.5e-05
1.edf,train,EEG T7,-0.000555,0.000275,-1.6e-05,1.2e-05,2e-05
1.edf,train,EEG C3,-0.000299,0.00022,-3.1e-05,7e-06,3.1e-05
1.edf,train,EEG Cz,0.0,2.6e-05,1.9e-05,3e-06,1.9e-05
1.edf,train,EEG C4,0.0,0.000264,0.000161,8e-06,0.000161
1.edf,train,EEG T8,-2.4e-05,0.0003,0.000169,1.2e-05,0.00017
1.edf,train,EEG M2,-0.000268,0.000169,-3e-06,1.4e-05,1.4e-05
1.edf,train,EEG CP5,-0.000119,0.000524,0.000155,1e-05,0.000156
1.edf,train,EEG CP1,0.0,0.000241,0.000172,9e-06,0.000172
1.edf,train,EEG CP2,0.0,0.000229,0.000186,7e-06,0.000186
1.edf,train,EEG CP6,0.0,0.000311,0.000144,1e-05,0.000144
1.edf,train,EEG P7,-0.00021,0.000706,0.000164,1.2e-05,0.000164
1.edf,train,EEG P3,0.0,0.000266,0.000167,1e-05,0.000168
1.edf,train,EEG Pz,0.0,0.000255,0.000156,9e-06,0.000157
1.edf,train,EEG P4,0.0,0.00064,0.000144,1.6e-05,0.000144
1.edf,train,EEG P8,0.0,0.000526,0.000158,1.3e-05,0.000158
1.edf,train,EEG POz,0.0,0.000216,0.00014,1.1e-05,0.000141
1.edf,train,EEG O1,0.0,0.000302,0.000173,1.4e-05,0.000174
1.edf,train,EEG Oz,0.0,0.000276,0.000163,1.2e-05,0.000164
1.edf,train,EEG O2,0.0,0.000317,0.00016,1.3e-05,0.00016
1.edf,train,EOG EOGh,-0.003559,0.003718,9e-05,0.000299,0.000312
1.edf,train,EOG EOGv,-0.000681,0.002096,-0.000127,7.1e-05,0.000146
1.edf,train,EMG EMG_RH,-0.001631,0.001605,0.000171,9.2e-05,0.000194
1.edf,train,EMG EMG_LH,-0.002695,0.004173,-0.000139,0.000125,0.000187
1.edf,train,EMG EMG_RF,-0.001783,0.001076,-0.000125,5.9e-05,0.000138
1.edf,train,EEG AF7,-0.000599,0.000825,2e-06,2.7e-05,2.7e-05
1.edf,train,EEG AF3,-0.001032,0.000702,1.3e-05,1.6e-05,2.1e-05
1.edf,train,EEG AF4,-0.000534,0.000514,-2e-06,1.6e-05,1.6e-05
1.edf,train,EEG AF8,-0.000542,0.001013,9.4e-05,2.4e-05,9.7e-05
1.edf,train,EEG F5,-0.000632,0.000469,-5.3e-05,1.5e-05,5.5e-05
1.edf,train,EEG F1,-0.000113,0.000136,-3.7e-05,1e-05,3.8e-05
1.edf,train,EEG F2,0.0,0.000426,8.4e-05,1e-05,8.5e-05
1.edf,train,EEG F6,-0.000566,0.000355,-3.7e-05,1.2e-05,3.9e-05
1.edf,train,EEG FC3,-0.000225,0.000297,-3.6e-05,8e-06,3.7e-05
1.edf,train,EEG FCz,-4.9e-05,4.8e-05,-2e-05,5e-06,2.1e-05
1.edf,train,EEG FC4,-0.000114,0.000334,1e-05,8e-06,1.3e-05
1.edf,train,EEG C5,-0.000385,0.000231,-5.7e-05,9e-06,5.8e-05
1.edf,train,EEG C1,-0.000116,2.6e-05,-4e-05,4e-06,4e-05
1.edf,train,EEG C2,-0.000101,0.0,-4.4e-05,4e-06,4.4e-05
1.edf,train,EEG C6,-0.000183,0.000266,-4.7e-05,8e-06,4.7e-05
1.edf,train,EEG CP3,-0.000193,0.000128,-3.7e-05,8e-06,3.8e-05
1.edf,train,EEG CPz,0.0,0.000255,0.000218,8e-06,0.000218
1.edf,train,EEG CP4,0.0,0.000269,0.000197,8e-06,0.000197
1.edf,train,EEG P5,-0.000108,0.000197,1.5e-05,9e-06,1.7e-05
1.edf,train,EEG P1,0.0,0.000268,0.000218,8e-06,0.000218
1.edf,train,EEG P2,0.0,0.000293,0.000229,9e-06,0.000229
1.edf,train,EEG P6,0.0,0.000317,0.000189,1.1e-05,0.00019
1.edf,train,EEG PO5,0.0,0.000321,0.000217,1.2e-05,0.000217
1.edf,train,EEG PO3,0.0,0.000297,0.000224,1.1e-05,0.000224
1.edf,train,EEG PO4,0.0,0.000261,0.000196,1.1e-05,0.000196
1.edf,train,EEG PO6,0.0,0.000283,0.000199,1.2e-05,0.0002
1.edf,train,EEG FT7,-0.000355,0.000777,0.000217,1.4e-05,0.000218
1.edf,train,EEG FT8,-0.000133,0.000372,0.000197,1.2e-05,0.000197
1.edf,train,EEG TP7,-4.1e-05,0.000728,0.000229,1.3e-05,0.00023
1.edf,train,EEG TP8,0.0,0.000624,0.000228,1.2e-05,0.000228
1.edf,train,EEG PO7,0.0,0.000345,0.000217,1.2e-05,0.000217
1.edf,train,EEG PO8,0.0,0.000322,0.000199,1.3e-05,0.0002
1.edf,train,EEG FT9,-0.000197,0.000463,0.00011,1.3e-05,0.000111
1.edf,train,EEG FT10,-0.000164,0.000311,0.000111,1.4e-05,0.000112
1.edf,train,EEG TPP9h,-0.000915,8e-05,-3.8e-05,1.3e-05,4e-05
1.edf,train,EEG TPP10h,-0.000304,0.000206,0.000111,1.2e-05,0.000112
1.edf,train,EEG PO9,-0.000222,0.00029,0.000118,1.3e-05,0.000119
1.edf,train,EEG PO10,-0.000246,0.000137,-6e-05,1.3e-05,6.2e-05
1.edf,train,EEG P9,-0.00047,0.000429,9.9e-05,1.4e-05,0.0001
1.edf,train,EEG P10,-0.000455,0.000229,0.000101,1.3e-05,0.000101
1.edf,train,EEG AFF1,-5.8e-05,0.000337,0.000111,1.2e-05,0.000111
1.edf,train,EEG AFz,-0.000281,0.000239,-5e-05,1.5e-05,5.2e-05
1.edf,train,EEG AFF2,-0.000104,0.000281,7.8e-05,1.2e-05,7.9e-05
1.edf,train,EEG FFC5h,-0.00078,0.000547,-5.1e-05,1.4e-05,5.3e-05
1.edf,train,EEG FFC3h,-0.000199,0.000181,-4.9e-05,8e-06,4.9e-05
1.edf,train,EEG FFC4h,-0.000103,0.000477,9.6e-05,8e-06,9.6e-05
1.edf,train,EEG FFC6h,-0.000327,0.00057,-5.5e-05,9e-06,5.6e-05
1.edf,train,EEG FCC5h,-0.000449,0.000723,9.7e-05,1e-05,9.8e-05
1.edf,train,EEG FCC3h,0.0,0.000327,0.000187,8e-06,0.000187
1.edf,train,EEG FCC4h,0.0,0.000307,0.000172,6e-06,0.000172
1.edf,train,EEG FCC6h,-5.6e-05,0.000331,7.9e-05,8e-06,8e-05
1.edf,train,EEG CCP5h,-0.000156,0.000575,0.000177,9e-06,0.000177
1.edf,train,EEG CCP3h,0.0,0.000297,0.000166,7e-06,0.000166
1.edf,train,EEG CCP4h,0.0,0.000234,0.000185,7e-06,0.000185
1.edf,train,EEG CCP6h,0.0,0.000342,0.000207,1e-05,0.000208
1.edf,train,EEG CPP5h,0.0,0.000358,0.00019,9e-06,0.000191
1.edf,train,EEG CPP3h,0.0,0.000284,0.000179,8e-06,0.000179
1.edf,train,EEG CPP4h,0.0,0.000243,0.000183,1e-05,0.000183
1.edf,train,EEG CPP6h,0.0,0.000265,0.000155,1e-05,0.000155
1.edf,train,EEG PPO1,0.0,0.000226,0.000168,1e-05,0.000168
1.edf,train,EEG PPO2,0.0,0.000237,0.000184,9e-06,0.000184
1.edf,train,EEG I1,0.0,0.000487,0.000203,1.5e-05,0.000204
1.edf,train,EEG Iz,0.0,0.00037,0.000185,1.3e-05,0.000186
1.edf,train,EEG I2,-0.00018,0.000599,0.000163,1.3e-05,0.000164
1.edf,train,EEG AFp3h,-0.000482,0.000326,-0.000128,2.3e-05,0.00013
1.edf,train,EEG AFp4h,-0.000514,0.000247,-0.000141,2.2e-05,0.000142
1.edf,train,EEG AFF5h,-0.000744,0.000398,-0.000112,1.9e-05,0.000113
1.edf,train,EEG AFF6h,-0.000602,0.000272,-0.000106,1.6e-05,0.000107
1.edf,train,EEG FFT7h,-0.000751,0.000218,-0.000121,1.3e-05,0.000122
1.edf,train,EEG FFC1h,-0.000171,0.0,-0.000125,8e-06,0.000126
1.edf,train,EEG FFC2h,-9.1e-05,0.000184,-5.1e-05,7e-06,5.2e-05
1.edf,train,EEG FFT8h,-0.000416,8.9e-05,-0.000124,1.1e-05,0.000125
1.edf,train,EEG FTT9h,-0.000563,0.000301,-0.000119,1.2e-05,0.000119
1.edf,train,EEG FTT7h,-0.00069,0.000187,-0.000115,1.2e-05,0.000116
1.edf,train,EEG FCC1h,-0.000137,0.0,-0.00011,4e-06,0.00011
1.edf,train,EEG FCC2h,-0.000155,0.0,-0.00013,4e-06,0.00013
1.edf,train,EEG FTT8h,-0.000288,0.000136,-0.000118,1.2e-05,0.000119
1.edf,train,EEG FTT10h,-0.00042,7.4e-05,-0.000128,1.4e-05,0.000129
1.edf,train,EEG TTP7h,-0.000728,0.000271,-0.000112,1.1e-05,0.000113
1.edf,train,EEG CCP1h,-0.000121,0.0,-8.7e-05,3e-06,8.7e-05
1.edf,train,EEG CCP2h,0.0,0.000248,0.000222,7e-06,0.000222
1.edf,train,EEG TTP8h,0.0,0.000249,0.000225,8e-06,0.000225
1.edf,train,EEG TPP7h,-0.000243,0.00031,-2.6e-05,1e-05,2.8e-05
1.edf,train,EEG CPP1h,0.0,0.000231,0.000188,9e-06,0.000188
1.edf,train,EEG CPP2h,0.0,0.000249,0.0002,9e-06,0.0002
1.edf,train,EEG TPP8h,0.0,0.000464,0.000194,1.2e-05,0.000195
1.edf,train,EEG PPO9h,-0.000556,0.000365,0.000213,1.4e-05,0.000214
1.edf,train,EEG PPO5h,0.0,0.000341,0.000213,1e-05,0.000213
1.edf,train,EEG PPO6h,0.0,0.000278,0.000197,1e-05,0.000198
1.edf,train,EEG PPO10h,0.0,0.000313,0.000209,1.4e-05,0.000209
1.edf,train,EEG POO9h,0.0,0.000368,0.000185,1.3e-05,0.000185
1.edf,train,EEG POO3h,0.0,0.000298,0.000194,1.4e-05,0.000194
1.edf,train,EEG POO4h,0.0,0.000356,0.000207,1.2e-05,0.000207
1.edf,train,EEG POO10h,-3e-06,0.000418,0.000189,1.3e-05,0.000189
1.edf,train,EEG OI1h,0.0,0.000373,0.000192,1.3e-05,0.000193
1.edf,train,EEG OI2h,0.0,0.000389,0.000195,1.2e-05,0.000195
2.edf,train,EEG Fp1,-0.000207,0.000235,-2.3e-05,1.9e-05,3e-05
2.edf,train,EEG Fp2,-0.000158,0.000189,-3.7e-05,1.8e-05,4.1e-05
2.edf,train,EEG Fpz,-0.00027,0.000201,-2.6e-05,1.9e-05,3.2e-05
2.edf,train,EEG F7,-0.000303,0.000152,-3e-05,1.3e-05,3.2e-05
2.edf,train,EEG F3,-4.9e-05,0.00018,5e-06,8e-06,9e-06
2.edf,train,EEG Fz,8e-06,0.000126,5.5e-05,7e-06,5.5e-05
2.edf,train,EEG F4,-6.6e-05,6.4e-05,-2.7e-05,7e-06,2.8e-05
2.edf,train,EEG F8,-0.000177,8.6e-05,-3.4e-05,9e-06,3.5e-05
2.edf,train,EEG FC5,-0.000194,9.8e-05,-2e-05,1e-05,2.3e-05
2.edf,train,EEG FC1,-7.7e-05,1.5e-05,-3.9e-05,5e-06,3.9e-05
2.edf,train,EEG FC2,2.3e-05,7.7e-05,4.5e-05,4e-06,4.5e-05
2.edf,train,EEG FC6,-0.000133,8.9e-05,-3.9e-05,7e-06,4e-05
2.edf,train,EEG M1,-0.000132,5e-05,-3.2e-05,1.3e-05,3.4e-05
2.edf,train,EEG T7,-0.00018,5e-05,-2.2e-05,1.4e-05,2.6e-05
2.edf,train,EEG C3,-7.1e-05,4.9e-05,-3.5e-05,6e-06,3.6e-05
2.edf,train,EEG Cz,1.5e-05,2.6e-05,2.1e-05,2e-06,2.2e-05
2.edf,train,EEG C4,0.000116,0.000215,0.000154,5e-06,0.000154
2.edf,train,EEG T8,2.7e-05,0.000221,0.000166,9e-06,0.000166
2.edf,train,EEG M2,-0.000147,6.6e-05,-9e-06,1.2e-05,1.5e-05
2.edf,train,EEG CP5,0.000111,0.000207,0.000155,8e-06,0.000155
2.edf,train,EEG CP1,8.9e-05,0.00022,0.000172,5e-06,0.000172
2.edf,train,EEG CP2,0.000153,0.000204,0.000179,5e-06,0.000179
2.edf,train,EEG CP6,8.3e-05,0.000215,0.000142,7e-06,0.000142
2.edf,train,EEG P7,6.2e-05,0.000237,0.000164,1.1e-05,0.000164
2.edf,train,EEG P3,0.000111,0.000215,0.000169,8e-06,0.000169
2.edf,train,EEG Pz,9.7e-05,0.000187,0.000149,1.2e-05,0.00015
2.edf,train,EEG P4,0.000104,0.00018,0.000142,7e-06,0.000143
2.edf,train,EEG P8,5e-05,0.000216,0.000155,1.1e-05,0.000155
2.edf,train,EEG POz,7.8e-05,0.000191,0.000136,9e-06,0.000136
2.edf,train,EEG O1,0.000105,0.000244,0.000177,1e-05,0.000178
2.edf,train,EEG Oz,9.6e-05,0.000222,0.000162,1e-05,0.000162
2.edf,train,EEG O2,9.5e-05,0.000227,0.000163,1e-05,0.000164
2.edf,train,EOG EOGh,-0.000876,0.002241,0.000167,8.2e-05,0.000186
2.edf,train,EOG EOGv,-0.051325,0.081816,-0.000115,0.001725,0.001729
2.edf,train,EMG EMG_RH,-0.000474,0.000496,0.000175,1.4e-05,0.000176
2.edf,train,EMG EMG_LH,-0.00109,0.000332,-0.000127,2.5e-05,0.00013
2.edf,train,EMG EMG_RF,-0.000499,0.000131,-0.000126,2.6e-05,0.000129
2.edf,train,EEG AF7,-0.000301,0.000215,2e-06,1.6e-05,1.6e-05
2.edf,train,EEG AF3,-4.7e-05,0.000137,8e-06,1.1e-05,1.3e-05
2.edf,train,EEG AF4,-6e-05,0.000116,-7e-06,1.1e-05,1.3e-05
2.edf,train,EEG AF8,-0.00013,0.000246,9e-05,1.4e-05,9.1e-05
2.edf,train,EEG F5,-0.000185,0.000201,-5.3e-05,1.2e-05,5.4e-05
2.edf,train,EEG F1,-9.5e-05,3.3e-05,-3.8e-05,7e-06,3.9e-05
2.edf,train,EEG F2,3.2e-05,0.000149,8e-05,7e-06,8e-05
2.edf,train,EEG F6,-0.000117,0.00014,-4e-05,8e-06,4.1e-05
2.edf,train,EEG FC3,-0.000119,0.000126,-3.7e-05,6e-06,3.7e-05
2.edf,train,EEG FCz,-4.6e-05,1.6e-05,-1.9e-05,4e-06,2e-05
2.edf,train,EEG FC4,-3.8e-05,9.3e-05,6e-06,5e-06,8e-06
2.edf,train,EEG C5,-0.000183,-2e-06,-5.8e-05,7e-06,5.8e-05
2.edf,train,EEG C1,-7.9e-05,-8e-06,-4.6e-05,4e-06,4.6e-05
2.edf,train,EEG C2,-6e-05,-3.4e-05,-4.7e-05,2e-06,4.7e-05
2.edf,train,EEG C6,-0.000136,5.1e-05,-4.8e-05,7e-06,4.9e-05
2.edf,train,EEG CP3,-7.3e-05,6e-06,-3.4e-05,6e-06,3.4e-05
2.edf,train,EEG CPz,0.000182,0.000226,0.000207,5e-06,0.000208
2.edf,train,EEG CP4,0.00018,0.000206,0.000194,3e-06,0.000195
2.edf,train,EEG P5,-5.9e-05,7.8e-05,1.7e-05,9e-06,1.9e-05
2.edf,train,EEG P1,0.000181,0.000263,0.000224,7e-06,0.000224
2.edf,train,EEG P2,0.000201,0.000267,0.000233,6e-06,0.000233
2.edf,train,EEG P6,0.000135,0.000266,0.000195,8e-06,0.000195
2.edf,train,EEG PO5,0.000128,0.000302,0.000227,1e-05,0.000227
2.edf,train,EEG PO3,0.000163,0.000288,0.000235,8e-06,0.000235
2.edf,train,EEG PO4,0.000148,0.000242,0.000198,8e-06,0.000198
2.edf,train,EEG PO6,0.000137,0.000247,0.000195,9e-06,0.000195
2.edf,train,EEG FT7,-2.9e-05,0.000351,0.000223,9e-06,0.000223
2.edf,train,EEG FT8,-7.3e-05,0.00027,0.000199,9e-06,0.0002
2.edf,train,EEG TP7,0.000161,0.000301,0.000238,1e-05,0.000238
2.edf,train,EEG TP8,0.000146,0.000376,0.000235,9e-06,0.000235
2.edf,train,EEG PO7,9.9e-05,0.000318,0.000226,1.2e-05,0.000226
2.edf,train,EEG PO8,0.000122,0.00027,0.000198,1.1e-05,0.000199
2.edf,train,EEG FT9,-8e-06,0.000186,0.000104,1.1e-05,0.000105
2.edf,train,EEG FT10,-1.7e-05,0.000212,0.000109,1.1e-05,0.00011
2.edf,train,EEG TPP9h,-0.000244,4.7e-05,-4.4e-05,1.1e-05,4.5e-05
2.edf,train,EEG TPP10h,-1.2e-05,0.000166,0.000107,1.1e-05,0.000108
2.edf,train,EEG PO9,-1.9e-05,0.000193,0.000111,1.2e-05,0.000112
2.edf,train,EEG PO10,-0.000186,2e-06,-6.9e-05,1.1e-05,6.9e-05
2.edf,train,EEG P9,8e-06,0.000172,0.000101,1.2e-05,0.000101
2.edf,train,EEG P10,-7e-06,0.000159,0.0001,1.1e-05,0.0001
2.edf,train,EEG AFF1,5.3e-05,0.000199,0.000108,8e-06,0.000109
2.edf,train,EEG AFz,-0.000107,7.7e-05,-5.1e-05,1.1e-05,5.3e-05
2.edf,train,EEG AFF2,3.8e-05,0.000167,7.9e-05,8e-06,8e-05
2.edf,train,EEG FFC5h,-0.000209,0.0002,-5.5e-05,8e-06,5.6e-05
2.edf,train,EEG FFC3h,-0.000102,4.4e-05,-5.4e-05,6e-06,5.4e-05
2.edf,train,EEG FFC4h,5.3e-05,0.000137,8.7e-05,5e-06,8.7e-05
2.edf,train,EEG FFC6h,-0.000151,0.000102,-5.9e-05,7e-06,6e-05
2.edf,train,EEG FCC5h,-1.4e-05,0.000279,9.4e-05,6e-06,9.4e-05
2.edf,train,EEG FCC3h,0.000149,0.000276,0.000187,5e-06,0.000187
2.edf,train,EEG FCC4h,0.000133,0.000215,0.000164,5e-06,0.000164
2.edf,train,EEG FCC6h,1e-06,0.000183,7.4e-05,6e-06,7.5e-05
2.edf,train,EEG CCP5h,0.000137,0.000217,0.000173,7e-06,0.000173
2.edf,train,EEG CCP3h,0.000139,0.000198,0.000163,5e-06,0.000163
2.edf,train,EEG CCP4h,0.000166,0.00022,0.000186,4e-06,0.000186
2.edf,train,EEG CCP6h,0.000164,0.000284,0.000209,6e-06,0.000209
2.edf,train,EEG CPP5h,0.000135,0.000235,0.000189,7e-06,0.00019
2.edf,train,EEG CPP3h,0.000137,0.000213,0.000176,6e-06,0.000176
2.edf,train,EEG CPP4h,0.000151,0.000213,0.000184,6e-06,0.000184
2.edf,train,EEG CPP6h,0.000111,0.000197,0.000152,7e-06,0.000152
2.edf,train,EEG PPO1,0.000124,0.000206,0.000168,7e-06,0.000168
2.edf,train,EEG PPO2,0.000149,0.000223,0.000186,6e-06,0.000186
2.edf,train,EEG I1,0.00011,0.000327,0.000206,1.1e-05,0.000206
2.edf,train,EEG Iz,9.9e-05,0.000247,0.000186,1e-05,0.000186
2.edf,train,EEG I2,7e-05,0.000221,0.000161,1e-05,0.000161
2.edf,train,EEG AFp3h,-0.000251,4.8e-05,-0.000131,1.4e-05,0.000131
2.edf,train,EEG AFp4h,-0.000243,1.4e-05,-0.000149,1.3e-05,0.00015
2.edf,train,EEG AFF5h,-0.000445,4.1e-05,-0.000116,1.1e-05,0.000117
2.edf,train,EEG AFF6h,-0.000227,3.9e-05,-0.000109,9e-06,0.000109
2.edf,train,EEG FFT7h,-0.000571,0.000103,-0.000123,1e-05,0.000123
2.edf,train,EEG FFC1h,-0.000173,-7.3e-05,-0.000127,6e-06,0.000127
2.edf,train,EEG FFC2h,-8.3e-05,-9e-06,-5.5e-05,5e-06,5.5e-05
2.edf,train,EEG FFT8h,-0.000286,-3e-05,-0.000132,8e-06,0.000133
2.edf,train,EEG FTT9h,-0.000267,-4.3e-05,-0.000119,1e-05,0.000119
2.edf,train,EEG FTT7h,-0.00045,1.8e-05,-0.000122,9e-06,0.000122
2.edf,train,EEG FCC1h,-0.000133,-9.3e-05,-0.000116,3e-06,0.000116
2.edf,train,EEG FCC2h,-0.00015,-0.000121,-0.000134,3e-06,0.000134
2.edf,train,EEG FTT8h,-0.000283,-2.1e-05,-0.000122,9e-06,0.000123
2.edf,train,EEG FTT10h,-0.00034,-1.4e-05,-0.000132,1.1e-05,0.000132
2.edf,train,EEG TTP7h,-0.000207,-6e-05,-0.000116,9e-06,0.000117
2.edf,train,EEG CCP1h,-0.000135,-8.6e-05,-0.000106,9e-06,0.000106
2.edf,train,EEG CCP2h,0.000207,0.000235,0.000222,3e-06,0.000222
2.edf,train,EEG TTP8h,0.000115,0.000293,0.000225,8e-06,0.000225
2.edf,train,EEG TPP7h,-9.1e-05,7.4e-05,-2.8e-05,9e-06,2.9e-05
2.edf,train,EEG CPP1h,0.000172,0.000225,0.000199,5e-06,0.000199
2.edf,train,EEG CPP2h,0.00014,0.000299,0.000196,9e-06,0.000196
2.edf,train,EEG TPP8h,0.000109,0.000304,0.000193,9e-06,0.000193
2.edf,train,EEG PPO9h,9.6e-05,0.000294,0.000213,1.3e-05,0.000213
2.edf,train,EEG PPO5h,0.000139,0.000273,0.000214,8e-06,0.000214
2.edf,train,EEG PPO6h,0.000139,0.000247,0.000196,8e-06,0.000197
2.edf,train,EEG PPO10h,0.00014,0.00028,0.000211,1.1e-05,0.000211
2.edf,train,EEG POO9h,0.000112,0.000254,0.000188,1e-05,0.000188
2.edf,train,EEG POO3h,0.000124,0.000262,0.000197,1e-05,0.000197
2.edf,train,EEG POO4h,0.000146,0.00027,0.000209,1e-05,0.00021
2.edf,train,EEG POO10h,0.000103,0.000253,0.000191,1e-05,0.000191
2.edf,train,EEG OI1h,0.00012,0.000262,0.000195,1e-05,0.000196
2.edf,train,EEG OI2h,0.00012,0.000258,0.000197,1e-05,0.000197
3.edf,train,EEG Fp1,-0.000121,0.000422,-2.1e-05,3.3e-05,3.9e-05
3.edf,train,EEG Fp2,-0.000129,0.000373,-3.8e-05,2.9e-05,4.8e-05
3.edf,train,EEG Fpz,-0.000116,0.000431,-2.1e-05,3.1e-05,3.7e-05
3.edf,train,EEG F7,-0.000143,0.000137,-2.3e-05,1.4e-05,2.7e-05
3.edf,train,EEG F3,-4e-05,0.000148,5e-06,1.2e-05,1.3e-05
3.edf,train,EEG Fz,1.2e-05,0.000183,5.1e-05,1.1e-05,5.2e-05
3.edf,train,EEG F4,-6.5e-05,0.000108,-2.5e-05,1e-05,2.7e-05
3.edf,train,EEG F8,-8.7e-05,0.000115,-2.8e-05,1.1e-05,3e-05
3.edf,train,EEG FC5,-6.3e-05,4.7e-05,-1.5e-05,8e-06,1.7e-05
3.edf,train,EEG FC1,-6.6e-05,2e-05,-3.4e-05,6e-06,3.4e-05
3.edf,train,EEG FC2,2e-05,9.8e-05,4.4e-05,5e-06,4.5e-05
3.edf,train,EEG FC6,-8e-05,2.6e-05,-3.3e-05,7e-06,3.4e-05
3.edf,train,EEG M1,-0.000143,8.6e-05,-2.5e-05,1.5e-05,2.9e-05
3.edf,train,EEG T7,-0.000127,5.1e-05,-2e-05,1.4e-05,2.4e-05
3.edf,train,EEG C3,-6.8e-05,9e-06,-3.3e-05,5e-06,3.4e-05
3.edf,train,EEG Cz,9e-06,2.1e-05,1.5e-05,2e-06,1.6e-05
3.edf,train,EEG C4,0.000125,0.000182,0.000152,5e-06,0.000152
3.edf,train,EEG T8,8.2e-05,0.000227,0.000166,1e-05,0.000166
3.edf,train,EEG M2,-0.000167,0.000163,-7e-06,1.5e-05,1.6e-05
3.edf,train,EEG CP5,7.1e-05,0.000226,0.000147,9e-06,0.000147
3.edf,train,EEG CP1,0.000128,0.000198,0.000165,7e-06,0.000165
3.edf,train,EEG CP2,0.000144,0.000207,0.00018,6e-06,0.00018
3.edf,train,EEG CP6,8.9e-05,0.000193,0.00014,8e-06,0.000141
3.edf,train,EEG P7,-2.5e-05,0.000383,0.000158,1.3e-05,0.000158
3.edf,train,EEG P3,8.9e-05,0.000229,0.000162,9e-06,0.000162
3.edf,train,EEG Pz,0.000103,0.00019,0.000153,8e-06,0.000153
3.edf,train,EEG P4,8.2e-05,0.00018,0.000138,9e-06,0.000138
3.edf,train,EEG P8,5.7e-05,0.000262,0.000152,1.2e-05,0.000153
3.edf,train,EEG POz,7e-05,0.000183,0.000135,1e-05,0.000136
3.edf,train,EEG O1,8.9e-05,0.000255,0.000173,1.3e-05,0.000174
3.edf,train,EEG Oz,7.5e-05,0.000216,0.000153,1.2e-05,0.000153
3.edf,train,EEG O2,7.3e-05,0.000216,0.000153,1.2e-05,0.000154
3.edf,train,EOG EOGh,-0.001453,0.007824,0.000124,0.000555,0.000568
3.edf,train,EOG EOGv,-0.000529,-3.5e-05,-0.000123,1.4e-05,0.000124
3.edf,train,EMG EMG_RH,-0.000919,0.000869,0.000172,3.5e-05,0.000175
3.edf,train,EMG EMG_LH,-0.000369,0.000102,-0.000136,2e-05,0.000138
3.edf,train,EMG EMG_RF,-0.000784,0.000107,-0.000129,1.5e-05,0.00013
3.edf,train,EEG AF7,-0.000103,0.000418,-4e-06,3.2e-05,3.2e-05
3.edf,train,EEG AF3,-6.4e-05,0.000235,-6e-06,1.9e-05,2e-05
3.edf,train,EEG AF4,-5.9e-05,0.00022,-6e-06,1.6e-05,1.8e-05
3.edf,train,EEG AF8,1.1e-05,0.000406,8.6e-05,2.1e-05,8.9e-05
3.edf,train,EEG F5,-0.000122,0.000114,-5.6e-05,1.4e-05,5.8e-05
3.edf,train,EEG F1,-8.3e-05,8.4e-05,-4.4e-05,1.1e-05,4.5e-05
3.edf,train,EEG F2,3.7e-05,0.000193,7.6e-05,9e-06,7.6e-05
3.edf,train,EEG F6,-0.000101,0.000105,-4.2e-05,1.1e-05,4.4e-05
3.edf,train,EEG FC3,-8.1e-05,1.4e-05,-4.1e-05,7e-06,4.1e-05
3.edf,train,EEG FCz,-5.4e-05,3.7e-05,-2.5e-05,5e-06,2.5e-05
3.edf,train,EEG FC4,-2.4e-05,6.4e-05,6e-06,6e-06,8e-06
3.edf,train,EEG C5,-0.000138,-1.9e-05,-6.2e-05,8e-06,6.3e-05
3.edf,train,EEG C1,-6e-05,-3.1e-05,-4.5e-05,2e-06,4.5e-05
3.edf,train,EEG C2,-6.3e-05,-3.6e-05,-5.1e-05,2e-06,5.1e-05
3.edf,train,EEG C6,-0.000102,-7e-06,-5.3e-05,7e-06,5.3e-05
3.edf,train,EEG CP3,-9.2e-05,-5e-06,-4.1e-05,7e-06,4.2e-05
3.edf,train,EEG CPz,0.000182,0.000241,0.000213,5e-06,0.000213
3.edf,train,EEG CP4,0.000169,0.000207,0.00019,4e-06,0.00019
3.edf,train,EEG P5,-9.6e-05,0.000109,8e-06,1e-05,1.3e-05
3.edf,train,EEG P1,0.000155,0.000246,0.000211,8e-06,0.000211
3.edf,train,EEG P2,0.000172,0.000258,0.000222,8e-06,0.000222
3.edf,train,EEG P6,0.000115,0.000235,0.00018,9e-06,0.00018
3.edf,train,EEG PO5,0.000115,0.000327,0.00021,1.1e-05,0.00021
3.edf,train,EEG PO3,0.000138,0.000281,0.000216,1e-05,0.000217
3.edf,train,EEG PO4,0.000129,0.000237,0.000189,1e-05,0.000189
3.edf,train,EEG PO6,0.000123,0.000242,0.000193,1e-05,0.000194
3.edf,train,EEG FT7,0.000139,0.000265,0.000209,1e-05,0.000209
3.edf,train,EEG FT8,0.000132,0.000247,0.00019,9e-06,0.000191
3.edf,train,EEG TP7,7.9e-05,0.000329,0.000223,1.4e-05,0.000224
3.edf,train,EEG TP8,0.000133,0.000336,0.000225,1e-05,0.000225
3.edf,train,EEG PO7,6.8e-05,0.000383,0.000209,1.2e-05,0.000209
3.edf,train,EEG PO8,0.000114,0.000256,0.000192,1.2e-05,0.000192
3.edf,train,EEG FT9,-2.7e-05,0.000172,0.000106,1.2e-05,0.000107
3.edf,train,EEG FT10,4.1e-05,0.000168,0.000105,1.1e-05,0.000105
3.edf,train,EEG TPP9h,-0.000196,0.000101,-4.3e-05,1.8e-05,4.7e-05
3.edf,train,EEG TPP10h,-4.9e-05,0.000268,0.000106,1.2e-05,0.000107
3.edf,train,EEG PO9,-0.00026,0.000263,0.000115,1.4e-05,0.000116
3.edf,train,EEG PO10,-0.000182,1.2e-05,-7.2e-05,1.3e-05,7.3e-05
3.edf,train,EEG P9,-0.000186,0.000198,0.0001,1.7e-05,0.000102
3.edf,train,EEG P10,-0.000245,0.000261,9.6e-05,1.3e-05,9.6e-05
3.edf,train,EEG AFF1,6.3e-05,0.000277,0.000105,1.4e-05,0.000106
3.edf,train,EEG AFz,-0.000119,0.000193,-6.2e-05,1.9e-05,6.5e-05
3.edf,train,EEG AFF2,2.5e-05,0.000234,7.1e-05,1.2e-05,7.2e-05
3.edf,train,EEG FFC5h,-0.000103,3.9e-05,-5.9e-05,1e-05,6e-05
3.edf,train,EEG FFC3h,-9.6e-05,2.9e-05,-5.8e-05,8e-06,5.9e-05
3.edf,train,EEG FFC4h,5.2e-05,0.000171,8.9e-05,7e-06,8.9e-05
3.edf,train,EEG FFC6h,-0.000102,3.3e-05,-6.3e-05,8e-06,6.4e-05
3.edf,train,EEG FCC5h,4.7e-05,0.000136,9e-05,7e-06,9e-05
3.edf,train,EEG FCC3h,0.000145,0.000212,0.000177,5e-06,0.000177
3.edf,train,EEG FCC4h,0.000142,0.000197,0.000163,4e-06,0.000163
3.edf,train,EEG FCC6h,3.9e-05,0.000108,7e-05,6e-06,7e-05
3.edf,train,EEG CCP5h,0.000123,0.000215,0.00017,7e-06,0.00017
3.edf,train,EEG CCP3h,0.000129,0.000184,0.00016,5e-06,0.00016
3.edf,train,EEG CCP4h,0.000147,0.000198,0.000175,5e-06,0.000176
3.edf,train,EEG CCP6h,0.000163,0.000241,0.000204,7e-06,0.000204
3.edf,train,EEG CPP5h,0.000106,0.000257,0.000182,9e-06,0.000182
3.edf,train,EEG CPP3h,0.000119,0.000215,0.000172,8e-06,0.000172
3.edf,train,EEG CPP4h,0.000134,0.000213,0.000177,8e-06,0.000178
3.edf,train,EEG CPP6h,9.6e-05,0.000188,0.000149,8e-06,0.000149
3.edf,train,EEG PPO1,0.000101,0.000201,0.000163,9e-06,0.000163
3.edf,train,EEG PPO2,0.000119,0.000216,0.000174,9e-06,0.000175
3.edf,train,EEG I1,3.4e-05,0.000357,0.000199,1.3e-05,0.0002
3.edf,train,EEG Iz,8.4e-05,0.000267,0.000179,1.3e-05,0.000179
3.edf,train,EEG I2,4.7e-05,0.000271,0.000155,1.3e-05,0.000156
3.edf,train,EEG AFp3h,-0.000215,0.000194,-0.00014,2.5e-05,0.000142
3.edf,train,EEG AFp4h,-0.000226,0.000187,-0.000153,2.4e-05,0.000155
3.edf,train,EEG AFF5h,-0.000183,0.000106,-0.000121,1.8e-05,0.000122
3.edf,train,EEG AFF6h,-0.000178,7.8e-05,-0.000114,1.4e-05,0.000115
3.edf,train,EEG FFT7h,-0.000191,-2.8e-05,-0.00013,1.1e-05,0.000131
3.edf,train,EEG FFC1h,-0.000172,-4e-05,-0.000135,8e-06,0.000135
3.edf,train,EEG FFC2h,-9.3e-05,3e-05,-5.9e-05,7e-06,6e-05
3.edf,train,EEG FFT8h,-0.000179,-3.3e-05,-0.000135,9e-06,0.000135
3.edf,train,EEG FTT9h,-0.000221,-6.6e-05,-0.00013,1.2e-05,0.000131
3.edf,train,EEG FTT7h,-0.000181,-7.8e-05,-0.000126,9e-06,0.000126
3.edf,train,EEG FCC1h,-0.000138,-9.2e-05,-0.000119,3e-06,0.000119
3.edf,train,EEG FCC2h,-0.000154,-0.000116,-0.00014,2e-06,0.00014
3.edf,train,EEG FTT8h,-0.000183,-7.9e-05,-0.000127,9e-06,0.000127
3.edf,train,EEG FTT10h,-0.000212,-7.7e-05,-0.000136,1e-05,0.000137
3.edf,train,EEG TTP7h,-0.0002,-6.1e-05,-0.000124,1e-05,0.000124
3.edf,train,EEG CCP1h,-0.000119,-8.1e-05,-9.8e-05,3e-06,9.8e-05
3.edf,train,EEG CCP2h,0.000195,0.000234,0.000216,3e-06,0.000216
3.edf,train,EEG TTP8h,0.000164,0.000279,0.000219,9e-06,0.000219
3.edf,train,EEG TPP7h,-0.000157,9.7e-05,-3.7e-05,1.1e-05,3.9e-05
3.edf,train,EEG CPP1h,0.000144,0.000221,0.000184,7e-06,0.000184
3.edf,train,EEG CPP2h,0.00015,0.00023,0.000193,8e-06,0.000194
3.edf,train,EEG TPP8h,0.000114,0.000279,0.000188,1e-05,0.000189
3.edf,train,EEG PPO9h,-7e-06,0.000438,0.00021,1.4e-05,0.00021
3.edf,train,EEG PPO5h,0.000119,0.000296,0.000204,1e-05,0.000204
3.edf,train,EEG PPO6h,0.000126,0.000234,0.000189,9e-06,0.000189
3.edf,train,EEG PPO10h,0.000107,0.000307,0.000202,1.2e-05,0.000203
3.edf,train,EEG POO9h,-2.8e-05,0.000312,0.000178,1.3e-05,0.000179
3.edf,train,EEG POO3h,0.000117,0.000256,0.000191,1.2e-05,0.000192
3.edf,train,EEG POO4h,0.000126,0.000253,0.000198,1.1e-05,0.000198
3.edf,train,EEG POO10h,9.3e-05,0.000256,0.000182,1.2e-05,0.000183
3.edf,train,EEG OI1h,9.5e-05,0.000278,0.000187,1.3e-05,0.000187
3.edf,train,EEG OI2h,9.8e-05,0.000253,0.000188,1.2e-05,0.000189
4.edf,train,EEG Fp1,-0.000444,0.000934,-1.8e-05,3.1e-05,3.6e-05
4.edf,train,EEG Fp2,-0.000266,0.000745,-3.9e-05,2.5e-05,4.6e-05
4.edf,train,EEG Fpz,-0.000692,0.00067,-1.7e-05,2.2e-05,2.8e-05
4.edf,train,EEG F7,-0.000763,0.00051,-2.1e-05,1.8e-05,2.8e-05
4.edf,train,EEG F3,-0.000153,0.000262,1.1e-05,1.2e-05,1.6e-05
4.edf,train,EEG Fz,-3e-06,0.000125,6.2e-05,1e-05,6.3e-05
4.edf,train,EEG F4,-0.000318,0.000486,-2.1e-05,1.4e-05,2.5e-05
4.edf,train,EEG F8,-0.000497,0.000221,-2.5e-05,1.3e-05,2.8e-05
4.edf,train,EEG FC5,-0.000302,0.000169,-1.1e-05,1.1e-05,1.6e-05
4.edf,train,EEG FC1,-9.2e-05,3e-05,-3.3e-05,7e-06,3.4e-05
4.edf,train,EEG FC2,-5.5e-05,0.000123,5.1e-05,6e-06,5.1e-05
4.edf,train,EEG FC6,-0.000344,0.000155,-3.4e-05,1.2e-05,3.6e-05
4.edf,train,EEG M1,-0.00036,0.000325,-2.6e-05,1.6e-05,3e-05
4.edf,train,EEG T7,-0.000346,0.000228,-1.7e-05,1.6e-05,2.3e-05
4.edf,train,EEG C3,-0.000132,0.000114,-3.1e-05,8e-06,3.2e-05
4.edf,train,EEG Cz,1.6e-05,2.5e-05,2.1e-05,1e-06,2.1e-05
4.edf,train,EEG C4,7.2e-05,0.000298,0.000157,1e-05,0.000158
4.edf,train,EEG T8,-0.000119,0.000412,0.000167,1.3e-05,0.000168
4.edf,train,EEG M2,-0.00031,0.000529,-1.2e-05,2.2e-05,2.5e-05
4.edf,train,EEG CP5,2.7e-05,0.000397,0.000154,9e-06,0.000155
4.edf,train,EEG CP1,0.000141,0.000208,0.000175,6e-06,0.000176
4.edf,train,EEG CP2,0.000131,0.000235,0.000181,1.4e-05,0.000181
4.edf,train,EEG CP6,6e-05,0.000323,0.000144,1e-05,0.000144
4.edf,train,EEG P7,-9.5e-05,0.000234,0.000162,1.2e-05,0.000163
4.edf,train,EEG P3,7.6e-05,0.000236,0.000168,1e-05,0.000168
4.edf,train,EEG Pz,0.000106,0.000199,0.000157,8e-06,0.000158
4.edf,train,EEG P4,6.7e-05,0.000193,0.000141,1.1e-05,0.000142
4.edf,train,EEG P8,-0.000462,0.000421,0.000156,1.8e-05,0.000157
4.edf,train,EEG POz,4.3e-05,0.000216,0.00014,1.3e-05,0.00014
4.edf,train,EEG O1,3.2e-05,0.000298,0.000179,1.2e-05,0.000179
4.edf,train,EEG Oz,-4.2e-05,0.000252,0.000161,1.2e-05,0.000162
4.edf,train,EEG O2,-1.2e-05,0.00029,0.000159,1.2e-05,0.000159
4.edf,train,EOG EOGh,-0.003059,0.007187,0.000153,0.000137,0.000205
4.edf,train,EOG EOGv,-0.000502,0.000991,-0.000125,4.8e-05,0.000133
4.edf,train,EMG EMG_RH,-0.000393,0.000921,0.000173,2.8e-05,0.000175
4.edf,train,EMG EMG_LH,-0.001037,0.000962,-0.000134,3.2e-05,0.000138
4.edf,train,EMG EMG_RF,-0.000341,0.000122,-0.000125,1e-05,0.000125
4.edf,train,EEG AF7,-0.000521,0.000758,3e-06,2e-05,2.1e-05
4.edf,train,EEG AF3,-0.000178,0.000262,5e-06,1.2e-05,1.3e-05
4.edf,train,EEG AF4,-0.000193,0.000263,-6e-06,1.4e-05,1.5e-05
4.edf,train,EEG AF8,-0.000578,0.000455,9.7e-05,1.8e-05,9.9e-05
4.edf,train,EEG F5,-0.000381,0.000367,-5.8e-05,1.3e-05,6e-05
4.edf,train,EEG F1,-0.000126,5.7e-05,-4.1e-05,1e-05,4.2e-05
4.edf,train,EEG F2,1.3e-05,0.000225,8.2e-05,1.4e-05,8.3e-05
4.edf,train,EEG F6,-0.000359,0.000489,-4.2e-05,1.3e-05,4.5e-05
4.edf,train,EEG FC3,-0.000122,0.000122,-3.9e-05,9e-06,4e-05
4.edf,train,EEG FCz,-6.8e-05,2e-05,-2.4e-05,9e-06,2.6e-05
4.edf,train,EEG FC4,-0.000221,0.000293,6e-06,9e-06,1.1e-05
4.edf,train,EEG C5,-0.000175,0.000141,-6.3e-05,1e-05,6.3e-05
4.edf,train,EEG C1,-6.7e-05,-1e-06,-4.3e-05,4e-06,4.3e-05
4.edf,train,EEG C2,-8e-05,-2e-06,-4.8e-05,5e-06,4.8e-05
4.edf,train,EEG C6,-0.000211,0.000124,-5e-05,1e-05,5.1e-05
4.edf,train,EEG CP3,-9.2e-05,5.2e-05,-4.2e-05,1.2e-05,4.4e-05
4.edf,train,EEG CPz,0.000173,0.000262,0.000218,1.1e-05,0.000218
4.edf,train,EEG CP4,0.00017,0.000213,0.000194,3e-06,0.000194
4.edf,train,EEG P5,-0.000199,0.000153,1e-05,1.4e-05,1.7e-05
4.edf,train,EEG P1,0.00016,0.000252,0.000214,8e-06,0.000214
4.edf,train,EEG P2,0.00016,0.000269,0.000228,9e-06,0.000228
4.edf,train,EEG P6,9.4e-05,0.000263,0.000182,1.3e-05,0.000183
4.edf,train,EEG PO5,0.000128,0.000282,0.000215,1.4e-05,0.000216
4.edf,train,EEG PO3,4.9e-05,0.000355,0.00022,1.4e-05,0.00022
4.edf,train,EEG PO4,7.1e-05,0.000331,0.000193,1.4e-05,0.000194
4.edf,train,EEG PO6,9.8e-05,0.000355,0.000198,1.2e-05,0.000198
4.edf,train,EEG FT7,-0.000201,0.000459,0.000215,1.2e-05,0.000215
4.edf,train,EEG FT8,-0.00015,0.00037,0.000196,1.3e-05,0.000197
4.edf,train,EEG TP7,-0.000122,0.000736,0.000231,1.2e-05,0.000231
4.edf,train,EEG TP8,-0.000103,0.00049,0.000227,1.5e-05,0.000228
4.edf,train,EEG PO7,-0.000324,0.000402,0.000214,1.2e-05,0.000214
4.edf,train,EEG PO8,-6.8e-05,0.0003,0.000201,1.4e-05,0.000201
4.edf,train,EEG FT9,-0.000258,0.001407,0.000111,2e-05,0.000113
4.edf,train,EEG FT10,-0.000201,0.000614,0.000111,1.7e-05,0.000112
4.edf,train,EEG TPP9h,-0.001271,0.000443,-3.7e-05,1.5e-05,4e-05
4.edf,train,EEG TPP10h,-0.001526,0.00068,0.000111,1.4e-05,0.000112
4.edf,train,EEG PO9,-0.000414,0.000311,0.000122,1.2e-05,0.000122
4.edf,train,EEG PO10,-0.00053,0.000179,-6.8e-05,1.2e-05,6.9e-05
4.edf,train,EEG P9,-0.000439,0.000253,0.000105,1.6e-05,0.000106
4.edf,train,EEG P10,-0.000594,0.000251,0.0001,1.8e-05,0.000101
4.edf,train,EEG AFF1,4.4e-05,0.00021,0.000112,1.2e-05,0.000113
4.edf,train,EEG AFz,-0.000129,7.9e-05,-5.6e-05,1.3e-05,5.7e-05
4.edf,train,EEG AFF2,1e-05,0.000162,7.4e-05,1.1e-05,7.5e-05
4.edf,train,EEG FFC5h,-0.000628,0.000552,-5.3e-05,1e-05,5.4e-05
4.edf,train,EEG FFC3h,-0.000198,9.5e-05,-5e-05,9e-06,5.1e-05
4.edf,train,EEG FFC4h,-4.3e-05,0.000263,9.1e-05,9e-06,9.1e-05
4.edf,train,EEG FFC6h,-0.00044,0.000456,-6e-05,1.2e-05,6.2e-05
4.edf,train,EEG FCC5h,-0.000209,0.000699,9.5e-05,1e-05,9.6e-05
4.edf,train,EEG FCC3h,0.000113,0.000325,0.000187,8e-06,0.000188
4.edf,train,EEG FCC4h,7.4e-05,0.00029,0.000167,8e-06,0.000167
4.edf,train,EEG FCC6h,-0.000131,0.000423,7.6e-05,9e-06,7.7e-05
4.edf,train,EEG CCP5h,5.4e-05,0.00032,0.000174,9e-06,0.000175
4.edf,train,EEG CCP3h,0.000105,0.00024,0.000163,1.3e-05,0.000163
4.edf,train,EEG CCP4h,0.000137,0.000244,0.00018,7e-06,0.00018
4.edf,train,EEG CCP6h,0.00014,0.0003,0.000208,9e-06,0.000208
4.edf,train,EEG CPP5h,9.7e-05,0.000257,0.000187,9e-06,0.000188
4.edf,train,EEG CPP3h,0.00013,0.000231,0.000177,7e-06,0.000177
4.edf,train,EEG CPP4h,0.000132,0.000222,0.000185,7e-06,0.000185
4.edf,train,EEG CPP6h,6.2e-05,0.000218,0.000155,9e-06,0.000156
4.edf,train,EEG PPO1,8.9e-05,0.00023,0.000167,1.2e-05,0.000167
4.edf,train,EEG PPO2,0.000102,0.000232,0.000179,9e-06,0.000179
4.edf,train,EEG I1,1.8e-05,0.00035,0.000206,1.2e-05,0.000207
4.edf,train,EEG Iz,3.8e-05,0.000291,0.000185,1.2e-05,0.000186
4.edf,train,EEG I2,-7e-06,0.000277,0.000159,1.2e-05,0.000159
4.edf,train,EEG AFp3h,-0.000526,0.0003,-0.000134,1.6e-05,0.000135
4.edf,train,EEG AFp4h,-0.00044,0.000187,-0.000149,1.6e-05,0.00015
4.edf,train,EEG AFF5h,-0.000308,0.000144,-0.000114,1.2e-05,0.000114
4.edf,train,EEG AFF6h,-0.000407,0.000413,-0.000107,1.4e-05,0.000108
4.edf,train,EEG FFT7h,-0.000418,5.6e-05,-0.000125,1.1e-05,0.000126
4.edf,train,EEG FFC1h,-0.0002,-5.9e-05,-0.000129,1.6e-05,0.00013
4.edf,train,EEG FFC2h,-0.000128,2.1e-05,-5.5e-05,1e-05,5.6e-05
4.edf,train,EEG FFT8h,-0.000573,1.7e-05,-0.000128,1.3e-05,0.000128
4.edf,train,EEG FTT9h,-0.00046,0.000254,-0.000122,1.3e-05,0.000123
4.edf,train,EEG FTT7h,-0.000546,0.000122,-0.000121,1.2e-05,0.000122
4.edf,train,EEG FCC1h,-0.000174,-8.7e-05,-0.000114,5e-06,0.000114
4.edf,train,EEG FCC2h,-0.000214,-7.9e-05,-0.000134,5e-06,0.000134
4.edf,train,EEG FTT8h,-0.000489,0.000121,-0.000118,1.2e-05,0.000118
4.edf,train,EEG FTT10h,-0.00043,4e-05,-0.000131,1.5e-05,0.000132
4.edf,train,EEG TTP7h,-0.000329,0.000133,-0.000115,1e-05,0.000116
4.edf,train,EEG CCP1h,-0.000102,-8.6e-05,-9.2e-05,1e-06,9.2e-05
4.edf,train,EEG CCP2h,0.000203,0.00024,0.000223,3e-06,0.000223
4.edf,train,EEG TTP8h,6.5e-05,0.000465,0.000225,1e-05,0.000225
4.edf,train,EEG TPP7h,-0.000284,4.5e-05,-2.9e-05,1.1e-05,3.1e-05
4.edf,train,EEG CPP1h,0.000152,0.000221,0.00019,7e-06,0.00019
4.edf,train,EEG CPP2h,0.000155,0.000235,0.000198,8e-06,0.000198
4.edf,train,EEG TPP8h,3.9e-05,0.000503,0.000195,1.1e-05,0.000195
4.edf,train,EEG PPO9h,-0.000318,0.000405,0.000216,1.2e-05,0.000217
4.edf,train,EEG PPO5h,0.000121,0.000276,0.000209,1.5e-05,0.00021
4.edf,train,EEG PPO6h,5.8e-05,0.000341,0.000192,1.3e-05,0.000193
4.edf,train,EEG PPO10h,-0.000433,0.000487,0.00021,1.8e-05,0.000211
4.edf,train,EEG POO9h,-1.7e-05,0.000322,0.000184,1.2e-05,0.000185
4.edf,train,EEG POO3h,5.3e-05,0.000314,0.000196,1.1e-05,0.000197
4.edf,train,EEG POO4h,0.0,0.000297,0.000205,1.2e-05,0.000205
4.edf,train,EEG POO10h,1.7e-05,0.000306,0.000189,1.2e-05,0.000189
4.edf,train,EEG OI1h,3.3e-05,0.000368,0.000192,1.2e-05,0.000192
4.edf,train,EEG OI2h,2e-05,0.000314,0.000193,1.2e-05,0.000194
5.edf,train,EEG Fp1,-0.000244,0.000223,-8e-06,3.8e-05,3.9e-05
5.edf,train,EEG Fp2,-0.000147,0.000182,-2.9e-05,3.6e-05,4.6e-05
5.edf,train,EEG Fpz,-0.000205,0.000224,-8e-06,3.8e-05,3.9e-05
5.edf,train,EEG F7,-0.000238,0.00016,-1.5e-05,2e-05,2.5e-05
5.edf,train,EEG F3,-4.5e-05,0.000149,1.3e-05,1.2e-05,1.7e-05
5.edf,train,EEG Fz,1e-05,0.000126,5.6e-05,1.1e-05,5.7e-05
5.edf,train,EEG F4,-9.4e-05,0.000101,-1.2e-05,1.1e-05,1.6e-05
5.edf,train,EEG F8,-0.000212,0.000135,-2.1e-05,1.6e-05,2.6e-05
5.edf,train,EEG FC5,-0.000106,7e-05,-1e-05,1.1e-05,1.4e-05
5.edf,train,EEG FC1,-5e-05,1e-05,-2.2e-05,5e-06,2.2e-05
5.edf,train,EEG FC2,1.4e-05,7.5e-05,4.4e-05,6e-06,4.5e-05
5.edf,train,EEG FC6,-9.8e-05,6e-05,-2.5e-05,1e-05,2.7e-05
5.edf,train,EEG M1,-0.000273,0.000101,-2.2e-05,1.8e-05,2.8e-05
5.edf,train,EEG T7,-0.000272,7.8e-05,-9e-06,1.2e-05,1.5e-05
5.edf,train,EEG C3,-7.5e-05,1.8e-05,-2.5e-05,7e-06,2.6e-05
5.edf,train,EEG Cz,1.8e-05,2.8e-05,2.3e-05,2e-06,2.3e-05
5.edf,train,EEG C4,0.000124,0.000206,0.000163,6e-06,0.000163
5.edf,train,EEG T8,-0.000258,0.000313,0.000176,1.2e-05,0.000176
5.edf,train,EEG M2,-0.000188,0.000997,-2e-06,2.9e-05,2.9e-05
5.edf,train,EEG CP5,7.9e-05,0.000225,0.000157,1e-05,0.000158
5.edf,train,EEG CP1,0.00013,0.000201,0.000165,7e-06,0.000165
5.edf,train,EEG CP2,0.00015,0.000223,0.000188,6e-06,0.000188
5.edf,train,EEG CP6,8e-05,0.000204,0.000148,1e-05,0.000148
5.edf,train,EEG P7,5.3e-05,0.000251,0.000168,1.3e-05,0.000169
5.edf,train,EEG P3,0.000107,0.00023,0.000174,1e-05,0.000174
5.edf,train,EEG Pz,0.000113,0.000209,0.000161,8e-06,0.000161
5.edf,train,EEG P4,8.1e-05,0.000201,0.000147,1e-05,0.000147
5.edf,train,EEG P8,6e-06,0.000247,0.000163,1.5e-05,0.000164
5.edf,train,EEG POz,4.9e-05,0.000207,0.000131,1.2e-05,0.000132
5.edf,train,EEG O1,6.9e-05,0.000278,0.000184,1.4e-05,0.000185
5.edf,train,EEG Oz,-6.2e-05,0.000386,0.000162,1.7e-05,0.000163
5.edf,train,EEG O2,1.4e-05,0.00048,0.000165,1.7e-05,0.000166
5.edf,train,EOG EOGh,-0.004146,0.004796,0.000294,0.000411,0.000506
5.edf,train,EOG EOGv,-0.00087,0.000398,-0.000102,0.000123,0.00016
5.edf,train,EMG EMG_RH,-0.001182,0.001405,0.000169,5.4e-05,0.000177
5.edf,train,EMG EMG_LH,-0.002601,0.000801,-0.000119,8.8e-05,0.000148
5.edf,train,EMG EMG_RF,-0.000623,0.000375,-0.000108,1.5e-05,0.000109
5.edf,train,EEG AF7,-0.000315,0.000247,4e-06,3.3e-05,3.4e-05
5.edf,train,EEG AF3,-0.000121,0.000128,6e-06,2e-05,2.1e-05
5.edf,train,EEG AF4,-8.9e-05,0.000115,-3e-06,1.9e-05,2e-05
5.edf,train,EEG AF8,-0.000117,0.000321,9.2e-05,3e-05,9.7e-05
5.edf,train,EEG F5,-0.000262,0.000138,-5e-05,1.6e-05,5.3e-05
5.edf,train,EEG F1,-8.2e-05,3.3e-05,-3.6e-05,1.1e-05,3.8e-05
5.edf,train,EEG F2,3.2e-05,0.000138,7.9e-05,1e-05,8e-05
5.edf,train,EEG F6,-0.000208,0.000174,-3.6e-05,1.5e-05,3.9e-05
5.edf,train,EEG FC3,-8.5e-05,1.2e-05,-3.4e-05,7e-06,3.5e-05
5.edf,train,EEG FCz,-4.3e-05,1.1e-05,-1.7e-05,5e-06,1.7e-05
5.edf,train,EEG FC4,-3.9e-05,6.9e-05,1.5e-05,7e-06,1.7e-05
5.edf,train,EEG C5,-0.000145,1.1e-05,-5.8e-05,1e-05,5.9e-05
5.edf,train,EEG C1,-6.2e-05,-2.5e-05,-4.1e-05,3e-06,4.1e-05
5.edf,train,EEG C2,-6.8e-05,-1.9e-05,-4.3e-05,5e-06,4.3e-05
5.edf,train,EEG C6,-0.000106,1.1e-05,-4.5e-05,9e-06,4.6e-05
5.edf,train,EEG CP3,-8.6e-05,1e-05,-3.3e-05,8e-06,3.3e-05
5.edf,train,EEG CPz,0.000176,0.000235,0.000205,7e-06,0.000206
5.edf,train,EEG CP4,0.000173,0.000203,0.000188,3e-06,0.000188
5.edf,train,EEG P5,-7.3e-05,8.5e-05,1.7e-05,1.1e-05,2e-05
5.edf,train,EEG P1,0.000164,0.000267,0.00022,9e-06,0.00022
5.edf,train,EEG P2,0.000175,0.000275,0.000229,9e-06,0.000229
5.edf,train,EEG P6,9.3e-05,0.000256,0.000187,1.2e-05,0.000188
5.edf,train,EEG PO5,0.000112,0.000291,0.000219,1.3e-05,0.000219
5.edf,train,EEG PO3,0.000145,0.000302,0.000228,1.2e-05,0.000229
5.edf,train,EEG PO4,0.000102,0.00026,0.000197,1.2e-05,0.000197
5.edf,train,EEG PO6,3.1e-05,0.00038,0.000188,1.5e-05,0.000189
5.edf,train,EEG FT7,-0.0001,0.000443,0.000221,1.3e-05,0.000222
5.edf,train,EEG FT8,2e-06,0.000308,0.000203,1.2e-05,0.000203
5.edf,train,EEG TP7,0.000112,0.000318,0.000235,1.3e-05,0.000236
5.edf,train,EEG TP8,0.000143,0.000304,0.000237,1.3e-05,0.000237
5.edf,train,EEG PO7,3.5e-05,0.000463,0.000218,1.5e-05,0.000219
5.edf,train,EEG PO8,7.9e-05,0.000291,0.000203,1.5e-05,0.000204
5.edf,train,EEG FT9,-8.8e-05,0.000279,0.000103,1.8e-05,0.000105
5.edf,train,EEG FT10,-6e-06,0.000225,0.000111,1.6e-05,0.000112
5.edf,train,EEG TPP9h,-0.000152,5.8e-05,-3e-05,1.4e-05,3.3e-05
5.edf,train,EEG TPP10h,-3e-06,0.000191,0.000106,1.5e-05,0.000107
5.edf,train,EEG PO9,-6.5e-05,0.000371,0.000115,1.6e-05,0.000116
5.edf,train,EEG PO10,-0.000178,4.1e-05,-5.8e-05,1.5e-05,6e-05
5.edf,train,EEG P9,-4.5e-05,0.000228,0.0001,1.5e-05,0.000101
5.edf,train,EEG P10,-2.3e-05,0.000467,9.8e-05,1.7e-05,9.9e-05
5.edf,train,EEG AFF1,5.3e-05,0.000196,0.000107,1.4e-05,0.000108
5.edf,train,EEG AFz,-0.000111,7e-05,-4.3e-05,2e-05,4.7e-05
5.edf,train,EEG AFF2,2.1e-05,0.000158,7.7e-05,1.4e-05,7.8e-05
5.edf,train,EEG FFC5h,-0.000132,8.3e-05,-4.5e-05,1.1e-05,4.6e-05
5.edf,train,EEG FFC3h,-8.7e-05,2.4e-05,-4.1e-05,8e-06,4.2e-05
5.edf,train,EEG FFC4h,3.1e-05,0.000134,7.8e-05,8e-06,7.9e-05
5.edf,train,EEG FFC6h,-0.000143,4.1e-05,-4.9e-05,1.1e-05,5e-05
5.edf,train,EEG FCC5h,1.1e-05,0.000148,8.8e-05,9e-06,8.8e-05
5.edf,train,EEG FCC3h,0.000135,0.000215,0.000177,7e-06,0.000177
5.edf,train,EEG FCC4h,0.000126,0.000187,0.000154,6e-06,0.000154
5.edf,train,EEG FCC6h,3e-05,0.000152,7.8e-05,9e-06,7.9e-05
5.edf,train,EEG CCP5h,9.4e-05,0.000219,0.000164,9e-06,0.000164
5.edf,train,EEG CCP3h,0.000116,0.000182,0.000152,6e-06,0.000152
5.edf,train,EEG CCP4h,0.000145,0.000223,0.000184,6e-06,0.000184
5.edf,train,EEG CCP6h,0.000161,0.000268,0.000214,8e-06,0.000214
5.edf,train,EEG CPP5h,0.000113,0.000236,0.000179,1e-05,0.000179
5.edf,train,EEG CPP3h,0.000116,0.000211,0.000164,8e-06,0.000164
5.edf,train,EEG CPP4h,0.000133,0.00023,0.000183,8e-06,0.000184
5.edf,train,EEG CPP6h,8.7e-05,0.000209,0.000155,1e-05,0.000155
5.edf,train,EEG PPO1,9.2e-05,0.00022,0.000153,1.1e-05,0.000154
5.edf,train,EEG PPO2,0.000113,0.000236,0.000176,1e-05,0.000176
5.edf,train,EEG I1,-5e-06,0.000571,0.000207,1.8e-05,0.000208
5.edf,train,EEG Iz,2.2e-05,0.0005,0.000189,1.7e-05,0.00019
5.edf,train,EEG I2,8e-06,0.000487,0.00016,1.7e-05,0.000161
5.edf,train,EEG AFp3h,-0.00024,4.1e-05,-0.000127,2.7e-05,0.00013
5.edf,train,EEG AFp4h,-0.00034,4e-06,-0.000145,2.7e-05,0.000148
5.edf,train,EEG AFF5h,-0.00024,1.8e-05,-0.00011,1.9e-05,0.000112
5.edf,train,EEG AFF6h,-0.000236,2.4e-05,-0.000102,1.7e-05,0.000104
5.edf,train,EEG FFT7h,-0.000347,5e-06,-0.000119,1.4e-05,0.00012
5.edf,train,EEG FFC1h,-0.000161,-7.6e-05,-0.00012,8e-06,0.00012
5.edf,train,EEG FFC2h,-8.7e-05,-7e-06,-5e-05,7e-06,5.1e-05
5.edf,train,EEG FFT8h,-0.000323,-1.3e-05,-0.000125,1.2e-05,0.000125
5.edf,train,EEG FTT9h,-0.00025,3.6e-05,-0.00011,1.4e-05,0.000111
5.edf,train,EEG FTT7h,-0.000233,-3.4e-05,-0.000117,1.1e-05,0.000117
5.edf,train,EEG FCC1h,-0.000126,-8.7e-05,-0.000108,4e-06,0.000108
5.edf,train,EEG FCC2h,-0.000148,-0.000113,-0.00013,3e-06,0.00013
5.edf,train,EEG FTT8h,-0.000302,-3.5e-05,-0.000111,1e-05,0.000111
5.edf,train,EEG FTT10h,-0.000217,-3.5e-05,-0.000125,1.3e-05,0.000125
5.edf,train,EEG TTP7h,-0.000259,-2.8e-05,-0.000108,1.1e-05,0.000108
5.edf,train,EEG CCP1h,-0.000105,-6.9e-05,-8.6e-05,3e-06,8.6e-05
5.edf,train,EEG CCP2h,0.000203,0.000245,0.000225,4e-06,0.000225
5.edf,train,EEG TTP8h,3.4e-05,0.000292,0.000231,1e-05,0.000231
5.edf,train,EEG TPP7h,-0.000109,5.8e-05,-2.1e-05,1.2e-05,2.4e-05
5.edf,train,EEG CPP1h,0.000162,0.000236,0.0002,6e-06,0.0002
5.edf,train,EEG CPP2h,0.000161,0.000244,0.000205,8e-06,0.000205
5.edf,train,EEG TPP8h,0.0001,0.000309,0.000196,1.3e-05,0.000197
5.edf,train,EEG PPO9h,8.9e-05,0.000304,0.000216,1.5e-05,0.000217
5.edf,train,EEG PPO5h,0.000111,0.000284,0.000211,1.3e-05,0.000212
5.edf,train,EEG PPO6h,0.000106,0.000261,0.000198,1.2e-05,0.000198
5.edf,train,EEG PPO10h,3e-05,0.000493,0.000214,1.6e-05,0.000215
5.edf,train,EEG POO9h,-5.7e-05,0.000559,0.000185,1.8e-05,0.000185
5.edf,train,EEG POO3h,0.000107,0.000279,0.0002,1.3e-05,0.000201
5.edf,train,EEG POO4h,0.000109,0.000299,0.00021,1.4e-05,0.000211
5.edf,train,EEG POO10h,4.3e-05,0.000507,0.000193,1.7e-05,0.000194
5.edf,train,EEG OI1h,-1.6e-05,0.000762,0.000194,1.9e-05,0.000195
5.edf,train,EEG OI2h,8.8e-05,0.000453,0.000198,1.6e-05,0.000199
6.edf,train,EEG Fp1,-0.000371,0.000501,-1.6e-05,7.9e-05,8e-05
6.edf,train,EEG Fp2,-0.000291,0.000336,-3.3e-05,6.2e-05,7e-05
6.edf,train,EEG Fpz,-0.000316,0.00042,-1.7e-05,7.6e-05,7.8e-05
6.edf,train,EEG F7,-0.000189,0.000193,-1.8e-05,2e-05,2.7e-05
6.edf,train,EEG F3,-7.4e-05,0.000176,1.3e-05,1.4e-05,1.9e-05
6.edf,train,EEG Fz,-1.4e-05,0.000154,6e-05,1.7e-05,6.2e-05
6.edf,train,EEG F4,-0.00011,0.000157,-1.9e-05,1.8e-05,2.6e-05
6.edf,train,EEG F8,-0.00029,0.000284,-2.2e-05,3.4e-05,4e-05
6.edf,train,EEG FC5,-0.00014,0.000112,-1.1e-05,1.4e-05,1.8e-05
6.edf,train,EEG FC1,-6.3e-05,2.5e-05,-2.7e-05,6e-06,2.7e-05
6.edf,train,EEG FC2,1.9e-05,9.2e-05,5e-05,6e-06,5.1e-05
6.edf,train,EEG FC6,-0.00017,0.000115,-2.7e-05,1.4e-05,3e-05
6.edf,train,EEG M1,-0.000432,0.000214,-2.3e-05,2.8e-05,3.6e-05
6.edf,train,EEG T7,-0.000148,8.8e-05,-1.6e-05,1.5e-05,2.2e-05
6.edf,train,EEG C3,-8.7e-05,3e-05,-2.8e-05,7e-06,2.9e-05
6.edf,train,EEG Cz,1.5e-05,2.4e-05,1.9e-05,2e-06,1.9e-05
6.edf,train,EEG C4,7.8e-05,0.000206,0.000157,7e-06,0.000157
6.edf,train,EEG T8,-3.3e-05,0.000269,0.000166,1.6e-05,0.000167
6.edf,train,EEG M2,-0.000171,0.000128,-6e-06,2.3e-05,2.4e-05
6.edf,train,EEG CP5,6.5e-05,0.000237,0.000152,1.2e-05,0.000152
6.edf,train,EEG CP1,0.00013,0.000195,0.000166,7e-06,0.000166
6.edf,train,EEG CP2,0.000144,0.000211,0.000182,6e-06,0.000182
6.edf,train,EEG CP6,6e-05,0.000243,0.000141,1e-05,0.000141
6.edf,train,EEG P7,5.7e-05,0.000239,0.000159,1.4e-05,0.000159
6.edf,train,EEG P3,7.5e-05,0.00023,0.000164,1.3e-05,0.000165
6.edf,train,EEG Pz,8.9e-05,0.000199,0.000155,9e-06,0.000155
6.edf,train,EEG P4,7.7e-05,0.000187,0.000141,9e-06,0.000142
6.edf,train,EEG P8,3.4e-05,0.000243,0.000155,1.5e-05,0.000156
6.edf,train,EEG POz,3.2e-05,0.000212,0.000133,1.2e-05,0.000133
6.edf,train,EEG O1,4.9e-05,0.000277,0.00017,1.8e-05,0.000171
6.edf,train,EEG Oz,4.2e-05,0.000252,0.000156,1.6e-05,0.000157
6.edf,train,EEG O2,3e-05,0.000247,0.000156,1.6e-05,0.000156
6.edf,train,EOG EOGh,-0.006619,0.007988,0.000228,0.000738,0.000772
6.edf,train,EOG EOGv,-0.000996,0.000958,-0.000115,0.000201,0.000232
6.edf,train,EMG EMG_RH,-0.000357,0.000488,0.000162,2.1e-05,0.000163
6.edf,train,EMG EMG_LH,-0.000702,0.000259,-0.000134,2.4e-05,0.000136
6.edf,train,EMG EMG_RF,-0.000395,-1e-06,-0.000119,1.8e-05,0.00012
6.edf,train,EEG AF7,-0.000306,0.000551,-1e-06,5.9e-05,5.9e-05
6.edf,train,EEG AF3,-0.000173,0.000264,1.1e-05,3.2e-05,3.4e-05
6.edf,train,EEG AF4,-0.000166,0.000203,-4e-06,3.5e-05,3.5e-05
6.edf,train,EEG AF8,-0.000248,0.000609,9.4e-05,7.7e-05,0.000122
6.edf,train,EEG F5,-0.000224,0.000142,-5.2e-05,1.6e-05,5.5e-05
6.edf,train,EEG F1,-9.9e-05,6.2e-05,-3.7e-05,1.4e-05,4e-05
6.edf,train,EEG F2,1.2e-05,0.000176,8.5e-05,1.5e-05,8.6e-05
6.edf,train,EEG F6,-0.000336,0.000163,-3.9e-05,2.6e-05,4.7e-05
6.edf,train,EEG FC3,-9.9e-05,3e-05,-3.6e-05,7e-06,3.7e-05
6.edf,train,EEG FCz,-4.6e-05,1.2e-05,-2e-05,6e-06,2.1e-05
6.edf,train,EEG FC4,-5e-05,8.4e-05,1.1e-05,9e-06,1.4e-05
6.edf,train,EEG C5,-0.000181,5.1e-05,-5.8e-05,1.4e-05,5.9e-05
6.edf,train,EEG C1,-6.2e-05,-1.7e-05,-4e-05,3e-06,4e-05
6.edf,train,EEG C2,-7.4e-05,-2.5e-05,-4.4e-05,3e-06,4.4e-05
6.edf,train,EEG C6,-0.000146,5.9e-05,-4.6e-05,1e-05,4.7e-05
6.edf,train,EEG CP3,-9.5e-05,3e-06,-3.7e-05,8e-06,3.7e-05
6.edf,train,EEG CPz,0.000176,0.000239,0.000206,7e-06,0.000206
6.edf,train,EEG CP4,0.000131,0.000233,0.000191,7e-06,0.000191
6.edf,train,EEG P5,-8e-05,8.4e-05,1.4e-05,1.3e-05,1.9e-05
6.edf,train,EEG P1,0.000148,0.000262,0.000214,9e-06,0.000215
6.edf,train,EEG P2,0.000165,0.00027,0.000224,9e-06,0.000224
6.edf,train,EEG P6,0.000103,0.000248,0.000186,1.1e-05,0.000186
6.edf,train,EEG PO5,0.000118,0.000287,0.000213,1.3e-05,0.000213
6.edf,train,EEG PO3,0.000121,0.000298,0.000222,1.3e-05,0.000223
6.edf,train,EEG PO4,0.000102,0.00026,0.000194,1.2e-05,0.000194
6.edf,train,EEG PO6,8.7e-05,0.000268,0.000191,1.3e-05,0.000192
6.edf,train,EEG FT7,3e-05,0.000374,0.000215,2.1e-05,0.000216
6.edf,train,EEG FT8,9e-06,0.000362,0.000196,1.7e-05,0.000196
6.edf,train,EEG TP7,9.4e-05,0.000345,0.000227,1.6e-05,0.000227
6.edf,train,EEG TP8,0.000116,0.000319,0.000226,1.4e-05,0.000226
6.edf,train,EEG PO7,0.000116,0.000288,0.000213,1.3e-05,0.000213
6.edf,train,EEG PO8,7.7e-05,0.000289,0.000196,1.6e-05,0.000197
6.edf,train,EEG FT9,-0.001036,0.000239,-3e-06,0.000187,0.000187
6.edf,train,EEG FT10,-0.001361,0.000275,-2.9e-05,0.000242,0.000243
6.edf,train,EEG TPP9h,-0.001445,3.3e-05,-0.000173,0.000229,0.000287
6.edf,train,EEG TPP10h,-0.001142,0.000225,-6e-06,0.000198,0.000199
6.edf,train,EEG PO9,-0.001068,0.000191,5e-06,0.000193,0.000193
6.edf,train,EEG PO10,-0.001268,4.3e-05,-0.000177,0.000196,0.000264
6.edf,train,EEG P9,-0.001097,0.000175,-1.3e-05,0.000194,0.000194
6.edf,train,EEG P10,-0.000976,0.000206,-2e-06,0.000174,0.000174
6.edf,train,EEG AFF1,-0.001028,0.000227,1e-06,0.000187,0.000187
6.edf,train,EEG AFz,-0.001372,0.000109,-0.00018,0.000218,0.000283
6.edf,train,EEG AFF2,-0.001077,0.000192,-3.4e-05,0.00019,0.000193
6.edf,train,EEG FFC5h,-0.001264,0.000114,-0.000169,0.000198,0.00026
6.edf,train,EEG FFC3h,-0.001353,-5e-06,-0.000176,0.000214,0.000277
6.edf,train,EEG FFC4h,-0.001093,0.000154,-2.1e-05,0.000194,0.000195
6.edf,train,EEG FFC6h,-0.001227,8.1e-05,-0.000169,0.000192,0.000256
6.edf,train,EEG FCC5h,-0.00105,0.000189,-1.6e-05,0.000187,0.000188
6.edf,train,EEG FCC3h,-0.001034,0.00023,6.2e-05,0.000197,0.000207
6.edf,train,EEG FCC4h,-0.001028,0.000188,4.6e-05,0.000195,0.0002
6.edf,train,EEG FCC6h,-0.001183,0.000145,-4.3e-05,0.000206,0.000211
6.edf,train,EEG CCP5h,-0.001122,0.000224,4.3e-05,0.000207,0.000212
6.edf,train,EEG CCP3h,-0.00106,0.000187,3.8e-05,0.000197,0.000201
6.edf,train,EEG CCP4h,-0.001006,0.000207,6.2e-05,0.000193,0.000203
6.edf,train,EEG CCP6h,-0.001031,0.000249,8.4e-05,0.000201,0.000218
6.edf,train,EEG CPP5h,-0.000998,0.000245,6.4e-05,0.000191,0.000201
6.edf,train,EEG CPP3h,-0.00096,0.000211,5.9e-05,0.000184,0.000193
6.edf,train,EEG CPP4h,-0.001186,0.000216,4.3e-05,0.000224,0.000228
6.edf,train,EEG CPP6h,-0.001065,0.000197,3.3e-05,0.000198,0.000201
6.edf,train,EEG PPO1,-0.00102,0.000225,4.6e-05,0.00019,0.000195
6.edf,train,EEG PPO2,-0.00098,0.000226,6.2e-05,0.000189,0.000199
6.edf,train,EEG I1,-0.000986,0.000301,8.5e-05,0.000189,0.000207
6.edf,train,EEG Iz,-0.001133,0.000281,5.4e-05,0.00021,0.000216
6.edf,train,EEG I2,-0.000948,0.000272,5.4e-05,0.000179,0.000187
6.edf,train,EEG AFp3h,-0.001307,0.000128,-0.000239,0.00019,0.000306
6.edf,train,EEG AFp4h,-0.001446,0.000111,-0.000267,0.000214,0.000342
6.edf,train,EEG AFF5h,-0.001323,7.6e-05,-0.000234,0.000196,0.000305
6.edf,train,EEG AFF6h,-0.001318,9.8e-05,-0.000223,0.000198,0.000299
6.edf,train,EEG FFT7h,-0.00122,4.7e-05,-0.000232,0.00018,0.000294
6.edf,train,EEG FFC1h,-0.001354,-8.2e-05,-0.000246,0.000201,0.000318
6.edf,train,EEG FFC2h,-0.00121,-6e-06,-0.000168,0.000191,0.000254
6.edf,train,EEG FFT8h,-0.001292,3.5e-05,-0.00024,0.000192,0.000307
6.edf,train,EEG FTT9h,-0.001244,-8e-06,-0.000231,0.000184,0.000296
6.edf,train,EEG FTT7h,-0.001278,-2.7e-05,-0.000232,0.00019,0.0003
6.edf,train,EEG FCC1h,-0.001258,-9.6e-05,-0.000227,0.000189,0.000295
6.edf,train,EEG FCC2h,-0.001305,-0.000115,-0.000249,0.000193,0.000315
6.edf,train,EEG FTT8h,-0.001313,-2.8e-05,-0.000234,0.000195,0.000305
6.edf,train,EEG FTT10h,-0.001408,-1.4e-05,-0.000251,0.000208,0.000327
6.edf,train,EEG TTP7h,-0.001382,-3.3e-05,-0.000241,0.000207,0.000318
6.edf,train,EEG CCP1h,-0.001328,-7e-05,-0.000212,0.000202,0.000293
6.edf,train,EEG CCP2h,-0.000873,0.000235,0.000106,0.00018,0.000209
6.edf,train,EEG TTP8h,-0.001097,0.000234,8.4e-05,0.000214,0.000229
6.edf,train,EEG TPP7h,-0.001376,4.3e-05,-0.000159,0.00022,0.000272
6.edf,train,EEG CPP1h,-0.001212,0.000222,4.5e-05,0.000231,0.000235
6.edf,train,EEG CPP2h,-0.000958,0.00023,7.8e-05,0.000189,0.000204
6.edf,train,EEG TPP8h,-0.001105,0.000254,6.2e-05,0.000211,0.00022
6.edf,train,EEG PPO9h,-0.001031,0.00028,8.5e-05,0.0002,0.000217
6.edf,train,EEG PPO5h,-0.000971,0.000274,9.1e-05,0.000192,0.000212
6.edf,train,EEG PPO6h,-0.001048,0.000255,7.1e-05,0.000202,0.000214
6.edf,train,EEG PPO10h,-0.000999,0.000297,8.8e-05,0.000195,0.000214
6.edf,train,EEG POO9h,-0.001063,0.000283,6.1e-05,0.0002,0.000209
6.edf,train,EEG POO3h,-0.000982,0.00028,7.4e-05,0.000191,0.000205
6.edf,train,EEG POO4h,-0.000947,0.000288,8.5e-05,0.000186,0.000204
6.edf,train,EEG POO10h,-0.001059,0.000301,6.5e-05,0.000201,0.000211
6.edf,train,EEG OI1h,-0.001072,0.00029,6.6e-05,0.000201,0.000212
6.edf,train,EEG OI2h,-0.001155,0.000284,5.6e-05,0.000219,0.000226
7.edf,train,EEG Fp1,-0.000457,0.0003,-1.5e-05,2.5e-05,2.9e-05
7.edf,train,EEG Fp2,-0.000196,0.00014,-3.5e-05,1.9e-05,4e-05
7.edf,train,EEG Fpz,-0.000314,0.000199,-1.6e-05,2.3e-05,2.8e-05
7.edf,train,EEG F7,-0.00099,0.000592,-2.3e-05,2.8e-05,3.7e-05
7.edf,train,EEG F3,-0.000393,0.000457,9e-06,1.7e-05,1.9e-05
7.edf,train,EEG Fz,-2.8e-05,0.000153,6.1e-05,9e-06,6.1e-05
7.edf,train,EEG F4,-0.000225,0.000211,-2.2e-05,1.4e-05,2.6e-05
7.edf,train,EEG F8,-0.000967,0.000551,-2.8e-05,3.3e-05,4.3e-05
7.edf,train,EEG FC5,-0.000527,0.000311,-1.1e-05,2e-05,2.3e-05
7.edf,train,EEG FC1,-0.000135,8e-05,-2.9e-05,6e-06,2.9e-05
7.edf,train,EEG FC2,-7e-06,0.00012,5e-05,6e-06,5e-05
7.edf,train,EEG FC6,-0.000617,0.000539,-3.4e-05,2.3e-05,4.1e-05
7.edf,train,EEG M1,-0.000169,6.3e-05,-2.5e-05,1.2e-05,2.8e-05
7.edf,train,EEG T7,-0.000263,0.000142,-1.5e-05,1.9e-05,2.4e-05
7.edf,train,EEG C3,-0.000171,0.00013,-3.2e-05,9e-06,3.4e-05
7.edf,train,EEG Cz,1.9e-05,2.7e-05,2.3e-05,1e-06,2.3e-05
7.edf,train,EEG C4,2.3e-05,0.00031,0.000159,9e-06,0.000159
7.edf,train,EEG T8,-1.8e-05,0.000318,0.000165,1.8e-05,0.000166
7.edf,train,EEG M2,-0.000147,0.0001,-5e-06,1.4e-05,1.5e-05
7.edf,train,EEG CP5,8.5e-05,0.000216,0.000153,8e-06,0.000153
7.edf,train,EEG CP1,0.000149,0.000205,0.000177,5e-06,0.000177
7.edf,train,EEG CP2,0.000153,0.000219,0.000186,5e-06,0.000186
7.edf,train,EEG CP6,7.5e-05,0.000207,0.00014,8e-06,0.00014
7.edf,train,EEG P7,7.5e-05,0.000211,0.00016,9e-06,0.00016
7.edf,train,EEG P3,0.000117,0.00021,0.000166,7e-06,0.000166
7.edf,train,EEG Pz,0.000108,0.000195,0.000157,6e-06,0.000157
7.edf,train,EEG P4,9.2e-05,0.000187,0.000142,7e-06,0.000142
7.edf,train,EEG P8,7.5e-05,0.000242,0.000156,1.1e-05,0.000156
7.edf,train,EEG POz,8.1e-05,0.000189,0.000138,8e-06,0.000138
7.edf,train,EEG O1,7.9e-05,0.000267,0.000181,1.2e-05,0.000181
7.edf,train,EEG Oz,8.2e-05,0.00022,0.000159,9e-06,0.000159
7.edf,train,EEG O2,8.5e-05,0.000234,0.000159,1.1e-05,0.000159
7.edf,train,EOG EOGh,-0.001999,0.002129,0.000253,0.000123,0.000282
7.edf,train,EOG EOGv,-0.000473,0.000297,-0.000118,3.7e-05,0.000123
7.edf,train,EMG EMG_RH,-0.000398,0.000839,0.000174,2e-05,0.000175
7.edf,train,EMG EMG_LH,-0.000393,0.000118,-0.000136,1.8e-05,0.000138
7.edf,train,EMG EMG_RF,-0.000883,0.000483,-0.000113,2.4e-05,0.000116
7.edf,train,EEG AF7,-0.00049,0.000815,-0.0,2.9e-05,2.9e-05
7.edf,train,EEG AF3,-0.000515,0.000283,3e-06,1.8e-05,1.8e-05
7.edf,train,EEG AF4,-0.000221,0.000202,-3e-06,1.8e-05,1.8e-05
7.edf,train,EEG AF8,-0.000292,0.000583,9.9e-05,2.7e-05,0.000103
7.edf,train,EEG F5,-0.000678,0.000533,-5.7e-05,2.3e-05,6.2e-05
7.edf,train,EEG F1,-0.000192,0.000139,-3.7e-05,1e-05,3.9e-05
7.edf,train,EEG F2,8e-06,0.000208,8.1e-05,1e-05,8.2e-05
7.edf,train,EEG F6,-0.00052,0.000596,-4.4e-05,2.5e-05,5.1e-05
7.edf,train,EEG FC3,-0.000303,0.000308,-3.8e-05,1.3e-05,4e-05
7.edf,train,EEG FCz,-5.9e-05,1.5e-05,-2.2e-05,5e-06,2.2e-05
7.edf,train,EEG FC4,-0.00016,0.000251,1.1e-05,1.2e-05,1.6e-05
7.edf,train,EEG C5,-0.000254,0.000116,-6.2e-05,1.2e-05,6.4e-05
7.edf,train,EEG C1,-7.9e-05,9e-06,-3.9e-05,3e-06,3.9e-05
7.edf,train,EEG C2,-9.8e-05,4e-06,-4.9e-05,4e-06,4.9e-05
7.edf,train,EEG C6,-0.000241,0.000178,-4.9e-05,1.5e-05,5.1e-05
7.edf,train,EEG CP3,-8.2e-05,2.4e-05,-3.5e-05,6e-06,3.5e-05
7.edf,train,EEG CPz,0.000195,0.000244,0.000221,4e-06,0.000221
7.edf,train,EEG CP4,0.00018,0.000206,0.000194,3e-06,0.000194
7.edf,train,EEG P5,-5.4e-05,5.6e-05,1.2e-05,8e-06,1.4e-05
7.edf,train,EEG P1,0.000151,0.000248,0.000209,6e-06,0.000209
7.edf,train,EEG P2,0.00018,0.000265,0.000224,6e-06,0.000224
7.edf,train,EEG P6,0.000119,0.000239,0.00018,8e-06,0.00018
7.edf,train,EEG PO5,0.000142,0.000268,0.000216,9e-06,0.000217
7.edf,train,EEG PO3,0.000159,0.00027,0.000221,8e-06,0.000221
7.edf,train,EEG PO4,0.000129,0.000246,0.000191,8e-06,0.000191
7.edf,train,EEG PO6,0.000121,0.000256,0.000194,9e-06,0.000194
7.edf,train,EEG FT7,-0.00024,0.000608,0.000213,2.3e-05,0.000214
7.edf,train,EEG FT8,-0.000178,0.000432,0.000192,2e-05,0.000193
7.edf,train,EEG TP7,0.000104,0.000298,0.000231,1e-05,0.000232
7.edf,train,EEG TP8,0.000124,0.000349,0.000228,1.1e-05,0.000228
7.edf,train,EEG PO7,0.000132,0.000271,0.000211,1e-05,0.000211
7.edf,train,EEG PO8,0.000118,0.000268,0.000198,1e-05,0.000199
7.edf,train,EEG FT9,-0.000138,0.000274,0.000108,1.4e-05,0.000109
7.edf,train,EEG FT10,-0.000105,0.000268,0.000113,1.3e-05,0.000113
7.edf,train,EEG TPP9h,-0.000196,4e-05,-3.2e-05,1e-05,3.4e-05
7.edf,train,EEG TPP10h,-0.000107,0.000187,0.00011,1.1e-05,0.000111
7.edf,train,EEG PO9,3e-05,0.000186,0.000118,1e-05,0.000119
7.edf,train,EEG PO10,-0.00015,7e-06,-7e-05,1.1e-05,7.1e-05
7.edf,train,EEG P9,-2.3e-05,0.000187,0.000105,1e-05,0.000106
7.edf,train,EEG P10,-9e-06,0.000177,9.7e-05,1.1e-05,9.8e-05
7.edf,train,EEG AFF1,-1.4e-05,0.000232,0.00011,1e-05,0.000111
7.edf,train,EEG AFz,-0.000168,4.7e-05,-5.4e-05,1.3e-05,5.6e-05
7.edf,train,EEG AFF2,-2.5e-05,0.000188,7.3e-05,1.1e-05,7.4e-05
7.edf,train,EEG FFC5h,-0.000718,0.000792,-5.5e-05,2.5e-05,6e-05
7.edf,train,EEG FFC3h,-0.000294,0.000213,-5.1e-05,1.1e-05,5.2e-05
7.edf,train,EEG FFC4h,-3.7e-05,0.000233,8.6e-05,1.2e-05,8.6e-05
7.edf,train,EEG FFC6h,-0.000374,0.000381,-6e-05,2e-05,6.3e-05
7.edf,train,EEG FCC5h,-0.000263,0.00054,9.1e-05,2.1e-05,9.4e-05
7.edf,train,EEG FCC3h,6.3e-05,0.000322,0.000185,7e-06,0.000185
7.edf,train,EEG FCC4h,5.7e-05,0.000287,0.000162,8e-06,0.000162
7.edf,train,EEG FCC6h,-0.000194,0.000419,7.5e-05,1.6e-05,7.6e-05
7.edf,train,EEG CCP5h,7.6e-05,0.000291,0.000171,8e-06,0.000171
7.edf,train,EEG CCP3h,0.000104,0.000234,0.000161,5e-06,0.000161
7.edf,train,EEG CCP4h,0.00011,0.000251,0.000181,6e-06,0.000181
7.edf,train,EEG CCP6h,8.1e-05,0.000363,0.000207,1e-05,0.000207
7.edf,train,EEG CPP5h,0.000128,0.000225,0.000183,8e-06,0.000183
7.edf,train,EEG CPP3h,0.000134,0.000215,0.000174,6e-06,0.000174
7.edf,train,EEG CPP4h,0.000141,0.000228,0.000186,6e-06,0.000186
7.edf,train,EEG CPP6h,0.0001,0.0002,0.000155,7e-06,0.000155
7.edf,train,EEG PPO1,0.000114,0.000207,0.000164,7e-06,0.000164
7.edf,train,EEG PPO2,0.000106,0.000225,0.000175,8e-06,0.000176
7.edf,train,EEG I1,0.000112,0.000279,0.000204,1.1e-05,0.000205
7.edf,train,EEG Iz,0.000101,0.000269,0.000185,1.1e-05,0.000186
7.edf,train,EEG I2,6.5e-05,0.000235,0.000152,1e-05,0.000152
7.edf,train,EEG AFp3h,-0.000394,5.6e-05,-0.000137,1.8e-05,0.000138
7.edf,train,EEG AFp4h,-0.000364,9e-06,-0.000152,1.7e-05,0.000153
7.edf,train,EEG AFF5h,-0.000724,0.000564,-0.000114,2.3e-05,0.000116
7.edf,train,EEG AFF6h,-0.000374,0.000251,-0.000108,1.9e-05,0.000109
7.edf,train,EEG FFT7h,-0.001321,0.000546,-0.000126,3.4e-05,0.000131
7.edf,train,EEG FFC1h,-0.000202,-5.5e-05,-0.000124,7e-06,0.000124
7.edf,train,EEG FFC2h,-0.000113,1.5e-05,-5.6e-05,7e-06,5.7e-05
7.edf,train,EEG FFT8h,-0.000795,0.000354,-0.000128,3e-05,0.000132
7.edf,train,EEG FTT9h,-0.000446,7.3e-05,-0.000123,1.6e-05,0.000124
7.edf,train,EEG FTT7h,-0.000774,0.000248,-0.000123,2.3e-05,0.000125
7.edf,train,EEG FCC1h,-0.000169,-7.4e-05,-0.000114,4e-06,0.000114
7.edf,train,EEG FCC2h,-0.000189,-0.000107,-0.000136,4e-06,0.000136
7.edf,train,EEG FTT8h,-0.000554,0.000182,-0.000119,2.7e-05,0.000122
7.edf,train,EEG FTT10h,-0.00039,3.3e-05,-0.000134,1.5e-05,0.000135
7.edf,train,EEG TTP7h,-0.000211,-3.2e-05,-0.000115,9e-06,0.000115
7.edf,train,EEG CCP1h,-0.000105,-7.5e-05,-9.1e-05,2e-06,9.1e-05
7.edf,train,EEG CCP2h,0.0002,0.000243,0.000222,3e-06,0.000222
7.edf,train,EEG TTP8h,4e-05,0.00033,0.000224,1.2e-05,0.000224
7.edf,train,EEG TPP7h,-9.9e-05,2.7e-05,-2.7e-05,8e-06,2.8e-05
7.edf,train,EEG CPP1h,0.000158,0.000219,0.000191,5e-06,0.000191
7.edf,train,EEG CPP2h,0.000154,0.00023,0.000199,6e-06,0.000199
7.edf,train,EEG TPP8h,0.000121,0.000281,0.000192,9e-06,0.000193
7.edf,train,EEG PPO9h,9.2e-05,0.000295,0.000218,1e-05,0.000219
7.edf,train,EEG PPO5h,0.000148,0.000254,0.000207,8e-06,0.000207
7.edf,train,EEG PPO6h,0.000128,0.000245,0.000188,8e-06,0.000189
7.edf,train,EEG PPO10h,5.6e-05,0.000279,0.000209,1e-05,0.000209
7.edf,train,EEG POO9h,6.8e-05,0.000246,0.000177,1.1e-05,0.000178
7.edf,train,EEG POO3h,0.000128,0.000253,0.000198,9e-06,0.000198
7.edf,train,EEG POO4h,0.000137,0.000267,0.000205,9e-06,0.000206
7.edf,train,EEG POO10h,0.00011,0.000265,0.000187,1e-05,0.000187
7.edf,train,EEG OI1h,0.000114,0.00026,0.000189,1.1e-05,0.000189
7.edf,train,EEG OI2h,0.000108,0.00026,0.00019,1e-05,0.00019
8.edf,train,EEG Fp1,-0.000396,0.001897,-1.7e-05,8.3e-05,8.4e-05
8.edf,train,EEG Fp2,-0.000342,0.000446,-3.3e-05,6.3e-05,7.1e-05
8.edf,train,EEG Fpz,-0.000394,0.000597,-1.5e-05,8e-05,8.2e-05
8.edf,train,EEG F7,-0.000382,0.000364,-1.9e-05,2.4e-05,3e-05
8.edf,train,EEG F3,-0.000224,0.000233,8e-06,1.4e-05,1.6e-05
8.edf,train,EEG Fz,-5.4e-05,0.000208,6e-05,2.1e-05,6.4e-05
8.edf,train,EEG F4,-0.00019,0.000143,-1.7e-05,1.9e-05,2.6e-05
8.edf,train,EEG F8,-0.000214,0.000263,-2.3e-05,2.1e-05,3.1e-05
8.edf,train,EEG FC5,-0.000293,0.000241,-1.5e-05,1.3e-05,2e-05
8.edf,train,EEG FC1,-0.000121,9.1e-05,-2.4e-05,9e-06,2.6e-05
8.edf,train,EEG FC2,-3.9e-05,0.000114,5e-05,8e-06,5e-05
8.edf,train,EEG FC6,-0.000702,0.000668,-2.7e-05,1.4e-05,3e-05
8.edf,train,EEG M1,-0.000224,7.5e-05,-2.5e-05,1.6e-05,3e-05
8.edf,train,EEG T7,-0.000486,0.000194,-1.7e-05,1.6e-05,2.3e-05
8.edf,train,EEG C3,-0.000284,0.000409,-2.6e-05,1e-05,2.8e-05
8.edf,train,EEG Cz,1.6e-05,2.5e-05,2.1e-05,1e-06,2.1e-05
8.edf,train,EEG C4,-7e-06,0.000347,0.000158,8e-06,0.000159
8.edf,train,EEG T8,-0.000393,0.000382,0.000167,1.5e-05,0.000168
8.edf,train,EEG M2,-0.00015,0.000113,-0.0,1.8e-05,1.8e-05
8.edf,train,EEG CP5,-0.00018,0.000649,0.000155,1.2e-05,0.000156
8.edf,train,EEG CP1,9.6e-05,0.000266,0.000169,8e-06,0.000169
8.edf,train,EEG CP2,0.000128,0.000238,0.000184,7e-06,0.000184
8.edf,train,EEG CP6,-0.000149,0.000498,0.000146,1.2e-05,0.000146
8.edf,train,EEG P7,2.7e-05,0.000269,0.00016,1.5e-05,0.000161
8.edf,train,EEG P3,7e-05,0.000268,0.000169,1.3e-05,0.000169
8.edf,train,EEG Pz,8.9e-05,0.000214,0.000156,1e-05,0.000156
8.edf,train,EEG P4,4.9e-05,0.000216,0.000143,1.3e-05,0.000143
8.edf,train,EEG P8,4e-05,0.000284,0.000156,1.6e-05,0.000156
8.edf,train,EEG POz,4.3e-05,0.000225,0.00014,1.4e-05,0.00014
8.edf,train,EEG O1,7.2e-05,0.000304,0.000174,1.6e-05,0.000175
8.edf,train,EEG Oz,5.9e-05,0.000256,0.000161,1.5e-05,0.000162
8.edf,train,EEG O2,5e-05,0.000248,0.000159,1.5e-05,0.00016
8.edf,train,EOG EOGh,-0.001965,0.006931,0.000156,0.000238,0.000285
8.edf,train,EOG EOGv,-0.000677,0.00061,-0.000123,0.000103,0.000161
8.edf,train,EMG EMG_RH,-0.00037,0.000774,0.000172,2.4e-05,0.000173
8.edf,train,EMG EMG_LH,-0.000409,0.000231,-0.000128,1.6e-05,0.000129
8.edf,train,EMG EMG_RF,-0.000377,0.000119,-0.00012,2e-05,0.000121
8.edf,train,EEG AF7,-0.000436,0.001666,-3e-06,6.4e-05,6.4e-05
8.edf,train,EEG AF3,-0.000212,0.000286,1e-05,3.8e-05,4e-05
8.edf,train,EEG AF4,-0.000171,0.000231,-4e-06,3.4e-05,3.4e-05
8.edf,train,EEG AF8,-0.00017,0.002191,9.4e-05,5.5e-05,0.000109
8.edf,train,EEG F5,-0.000382,0.000294,-5.6e-05,2.8e-05,6.2e-05
8.edf,train,EEG F1,-0.00014,9.4e-05,-3.6e-05,1.9e-05,4.1e-05
8.edf,train,EEG F2,-1.5e-05,0.000233,8.5e-05,1.9e-05,8.7e-05
8.edf,train,EEG F6,-0.000316,0.000255,-3.6e-05,2.1e-05,4.2e-05
8.edf,train,EEG FC3,-0.0003,0.000206,-3.8e-05,1.3e-05,4e-05
8.edf,train,EEG FCz,-6.9e-05,3.5e-05,-2.1e-05,8e-06,2.3e-05
8.edf,train,EEG FC4,-0.000213,0.000219,8e-06,1e-05,1.3e-05
8.edf,train,EEG C5,-0.00057,0.000557,-5.8e-05,1.3e-05,5.9e-05
8.edf,train,EEG C1,-0.000121,9.3e-05,-4e-05,5e-06,4.1e-05
8.edf,train,EEG C2,-0.000118,2e-05,-4.2e-05,4e-06,4.2e-05
8.edf,train,EEG C6,-0.000481,0.000463,-4.6e-05,1.3e-05,4.8e-05
8.edf,train,EEG CP3,-0.000198,0.000221,-3.6e-05,1e-05,3.7e-05
8.edf,train,EEG CPz,0.000177,0.000246,0.000214,7e-06,0.000214
8.edf,train,EEG CP4,0.000174,0.000208,0.000193,4e-06,0.000193
8.edf,train,EEG P5,-0.000131,0.0002,1.3e-05,1.3e-05,1.8e-05
8.edf,train,EEG P1,0.000147,0.000281,0.000216,1.1e-05,0.000216
8.edf,train,EEG P2,0.000153,0.000288,0.000228,1e-05,0.000228
8.edf,train,EEG P6,9.3e-05,0.000312,0.000189,1.3e-05,0.00019
8.edf,train,EEG PO5,0.000113,0.000302,0.000214,1.5e-05,0.000215
8.edf,train,EEG PO3,0.000133,0.000318,0.000225,1.5e-05,0.000226
8.edf,train,EEG PO4,8.3e-05,0.000267,0.000185,1.5e-05,0.000186
8.edf,train,EEG PO6,0.000106,0.000275,0.0002,1.3e-05,0.000201
8.edf,train,EEG FT7,-0.000146,0.00049,0.000214,1.7e-05,0.000214
8.edf,train,EEG FT8,-0.000153,0.000464,0.000195,1.5e-05,0.000195
8.edf,train,EEG TP7,4.3e-05,0.000379,0.000229,1.5e-05,0.000229
8.edf,train,EEG TP8,-0.000179,0.000478,0.000229,1.4e-05,0.000229
8.edf,train,EEG PO7,0.000113,0.000302,0.000214,1.5e-05,0.000215
8.edf,train,EEG PO8,7.9e-05,0.000296,0.000198,1.6e-05,0.000199
8.edf,train,EEG FT9,-0.000186,0.000747,0.000109,1.6e-05,0.00011
8.edf,train,EEG FT10,-0.000146,0.000348,0.000115,1.5e-05,0.000116
8.edf,train,EEG TPP9h,-0.000213,8.4e-05,-3.9e-05,1.6e-05,4.2e-05
8.edf,train,EEG TPP10h,-2.5e-05,0.000196,0.00011,1.6e-05,0.000111
8.edf,train,EEG PO9,1.4e-05,0.000233,0.00012,1.7e-05,0.000121
8.edf,train,EEG PO10,-0.000178,3.6e-05,-6.2e-05,1.6e-05,6.4e-05
8.edf,train,EEG P9,-1.3e-05,0.000191,0.000104,1.6e-05,0.000105
8.edf,train,EEG P10,-3.2e-05,0.000189,0.000103,1.5e-05,0.000104
8.edf,train,EEG AFF1,-3.5e-05,0.000316,0.000114,2.9e-05,0.000117
8.edf,train,EEG AFz,-0.000239,0.000217,-5.2e-05,3.8e-05,6.4e-05
8.edf,train,EEG AFF2,-6.6e-05,0.000276,8.2e-05,2.8e-05,8.6e-05
8.edf,train,EEG FFC5h,-0.000304,0.000181,-5.4e-05,1.3e-05,5.6e-05
8.edf,train,EEG FFC3h,-0.000272,0.000172,-5.1e-05,1.4e-05,5.2e-05
8.edf,train,EEG FFC4h,-5.8e-05,0.000218,9.5e-05,1.3e-05,9.6e-05
8.edf,train,EEG FFC6h,-0.000341,0.000239,-5.4e-05,2e-05,5.7e-05
8.edf,train,EEG FCC5h,-0.000186,0.00036,9.6e-05,1.3e-05,9.7e-05
8.edf,train,EEG FCC3h,-6.7e-05,0.000423,0.000187,1.3e-05,0.000187
8.edf,train,EEG FCC4h,2.4e-05,0.000308,0.000171,7e-06,0.000171
8.edf,train,EEG FCC6h,-0.000268,0.00051,7.8e-05,1.1e-05,7.9e-05
8.edf,train,EEG CCP5h,-0.000206,0.000768,0.000175,1.1e-05,0.000175
8.edf,train,EEG CCP3h,3.5e-05,0.000378,0.000164,8e-06,0.000164
8.edf,train,EEG CCP4h,8.5e-05,0.000288,0.000182,7e-06,0.000182
8.edf,train,EEG CCP6h,-4.8e-05,0.000466,0.000208,1e-05,0.000208
8.edf,train,EEG CPP5h,4.2e-05,0.000377,0.000188,1.3e-05,0.000189
8.edf,train,EEG CPP3h,6.9e-05,0.000305,0.000175,1.1e-05,0.000175
8.edf,train,EEG CPP4h,0.000116,0.000261,0.000183,9e-06,0.000184
8.edf,train,EEG CPP6h,4.1e-05,0.000295,0.000153,1.1e-05,0.000153
8.edf,train,EEG PPO1,8.5e-05,0.000238,0.000168,1.3e-05,0.000169
8.edf,train,EEG PPO2,9.8e-05,0.00025,0.000181,1.2e-05,0.000182
8.edf,train,EEG I1,7e-05,0.000425,0.000199,1.8e-05,0.0002
8.edf,train,EEG Iz,4.3e-05,0.000276,0.000177,1.7e-05,0.000178
8.edf,train,EEG I2,4.3e-05,0.000259,0.000161,1.6e-05,0.000162
8.edf,train,EEG AFp3h,-0.000379,0.000238,-0.000128,5.3e-05,0.000139
8.edf,train,EEG AFp4h,-0.000375,0.000207,-0.00014,5e-05,0.000149
8.edf,train,EEG AFF5h,-0.000326,0.00016,-0.000112,3.3e-05,0.000116
8.edf,train,EEG AFF6h,-0.000287,8.8e-05,-0.000106,2.8e-05,0.00011
8.edf,train,EEG FFT7h,-0.000481,0.000152,-0.000124,1.6e-05,0.000125
8.edf,train,EEG FFC1h,-0.000225,6e-06,-0.000123,1.8e-05,0.000124
8.edf,train,EEG FFC2h,-0.000123,4.7e-05,-5.3e-05,1.4e-05,5.5e-05
8.edf,train,EEG FFT8h,-0.000511,0.000297,-0.000125,1.8e-05,0.000127
8.edf,train,EEG FTT9h,-0.000476,0.000155,-0.000119,1.6e-05,0.00012
8.edf,train,EEG FTT7h,-0.000887,0.000148,-0.00012,1.6e-05,0.000121
8.edf,train,EEG FCC1h,-0.000151,-5.4e-05,-0.00011,6e-06,0.000111
8.edf,train,EEG FCC2h,-0.000178,-9.8e-05,-0.000131,4e-06,0.000131
8.edf,train,EEG FTT8h,-0.000462,0.000179,-0.000116,1.4e-05,0.000117
8.edf,train,EEG FTT10h,-0.000442,9.4e-05,-0.000127,1.5e-05,0.000128
8.edf,train,EEG TTP7h,-0.000508,0.000227,-0.000113,1.3e-05,0.000113
8.edf,train,EEG CCP1h,-0.000126,-3.9e-05,-8.9e-05,4e-06,8.9e-05
8.edf,train,EEG CCP2h,0.000176,0.000249,0.000225,5e-06,0.000226
8.edf,train,EEG TTP8h,-0.000145,0.000521,0.000225,1.3e-05,0.000225
8.edf,train,EEG TPP7h,-0.000161,9e-05,-2.6e-05,1.5e-05,3e-05
8.edf,train,EEG CPP1h,0.00014,0.000235,0.00019,9e-06,0.00019
8.edf,train,EEG CPP2h,0.00014,0.000245,0.000198,1e-05,0.000199
8.edf,train,EEG TPP8h,-5e-06,0.000443,0.000194,1.3e-05,0.000195
8.edf,train,EEG PPO9h,0.000101,0.000301,0.000208,1.7e-05,0.000208
8.edf,train,EEG PPO5h,0.000108,0.000296,0.000209,1.5e-05,0.00021
8.edf,train,EEG PPO6h,0.000103,0.000271,0.000196,1.3e-05,0.000197
8.edf,train,EEG PPO10h,9.3e-05,0.000334,0.000207,1.6e-05,0.000208
8.edf,train,EEG POO9h,5.4e-05,0.000405,0.000184,1.7e-05,0.000185
8.edf,train,EEG POO3h,9.5e-05,0.000287,0.000193,1.5e-05,0.000194
8.edf,train,EEG POO4h,9.5e-05,0.000287,0.000204,1.5e-05,0.000204
8.edf,train,EEG POO10h,6.9e-05,0.000286,0.000188,1.6e-05,0.000188
8.edf,train,EEG OI1h,5.9e-05,0.000296,0.000189,1.7e-05,0.00019
8.edf,train,EEG OI2h,8.6e-05,0.00028,0.000193,1.5e-05,0.000194
9.edf,train,EEG Fp1,-8.6e-05,0.000214,-1.5e-05,1.8e-05,2.4e-05
9.edf,train,EEG Fp2,-9.6e-05,0.000205,-2.7e-05,1.7e-05,3.2e-05
9.edf,train,EEG Fpz,-9.5e-05,0.000228,-2e-05,1.8e-05,2.7e-05
9.edf,train,EEG F7,-0.000393,0.000184,-1.7e-05,1e-05,2e-05
9.edf,train,EEG F3,-6.9e-05,0.00011,7e-06,9e-06,1.1e-05
9.edf,train,EEG Fz,3e-06,0.000132,5.9e-05,8e-06,6e-05
9.edf,train,EEG F4,-5.3e-05,1.9e-05,-2.2e-05,6e-06,2.3e-05
9.edf,train,EEG F8,-0.000112,5.4e-05,-2.3e-05,1.1e-05,2.5e-05
9.edf,train,EEG FC5,-0.000281,0.00011,-1.6e-05,1e-05,1.8e-05
9.edf,train,EEG FC1,-6.4e-05,2.1e-05,-2.8e-05,6e-06,2.9e-05
9.edf,train,EEG FC2,5e-06,8.8e-05,4.7e-05,7e-06,4.7e-05
9.edf,train,EEG FC6,-0.000136,6.8e-05,-2.6e-05,1e-05,2.7e-05
9.edf,train,EEG M1,-0.0001,0.000224,-2.3e-05,1.2e-05,2.6e-05
9.edf,train,EEG T7,-0.000453,0.000229,-1.9e-05,1.1e-05,2.2e-05
9.edf,train,EEG C3,-0.000169,0.000168,-2.8e-05,7e-06,2.9e-05
9.edf,train,EEG Cz,8e-06,2.1e-05,1.5e-05,2e-06,1.5e-05
9.edf,train,EEG C4,0.000122,0.000206,0.000164,7e-06,0.000164
9.edf,train,EEG T8,4e-05,0.000277,0.000175,1.2e-05,0.000176
9.edf,train,EEG M2,-0.000106,0.000129,-6e-06,1.3e-05,1.5e-05
9.edf,train,EEG CP5,0.000108,0.000239,0.000158,9e-06,0.000159
9.edf,train,EEG CP1,0.000132,0.000243,0.000164,6e-06,0.000164
9.edf,train,EEG CP2,0.000164,0.000234,0.000189,7e-06,0.000189
9.edf,train,EEG CP6,9.9e-05,0.00021,0.000147,9e-06,0.000147
9.edf,train,EEG P7,1.6e-05,0.000265,0.000168,1.2e-05,0.000168
9.edf,train,EEG P3,0.000129,0.000236,0.000171,8e-06,0.000171
9.edf,train,EEG Pz,0.000128,0.000198,0.000158,7e-06,0.000158
9.edf,train,EEG P4,0.000107,0.000196,0.000149,9e-06,0.000149
9.edf,train,EEG P8,0.000109,0.000218,0.00016,1.1e-05,0.00016
9.edf,train,EEG POz,7.5e-05,0.000187,0.000136,1e-05,0.000136
9.edf,train,EEG O1,9.7e-05,0.00025,0.000167,1.2e-05,0.000167
9.edf,train,EEG Oz,9.8e-05,0.000241,0.000169,1.2e-05,0.000169
9.edf,train,EEG O2,9.3e-05,0.000264,0.00016,1.3e-05,0.000161
9.edf,train,EOG EOGh,-0.000912,0.001169,9.7e-05,7.5e-05,0.000123
9.edf,train,EOG EOGv,-0.000333,0.000423,-0.000121,3.5e-05,0.000126
9.edf,train,EMG EMG_RH,-0.001074,0.000809,0.000168,3.1e-05,0.00017
9.edf,train,EMG EMG_LH,-0.000775,0.000433,-0.000133,2.3e-05,0.000135
9.edf,train,EMG EMG_RF,-0.000788,3.4e-05,-0.00013,5.9e-05,0.000143
9.edf,train,EEG AF7,-0.000193,0.000288,-5e-06,1.6e-05,1.6e-05
9.edf,train,EEG AF3,-7.1e-05,0.000146,9e-06,1.3e-05,1.6e-05
9.edf,train,EEG AF4,-0.000106,0.000123,-9e-06,1.3e-05,1.6e-05
9.edf,train,EEG AF8,-5e-06,0.000301,8.7e-05,1.6e-05,8.9e-05
9.edf,train,EEG F5,-0.000253,0.000199,-5.3e-05,1e-05,5.4e-05
9.edf,train,EEG F1,-8.8e-05,1.2e-05,-4.2e-05,8e-06,4.2e-05
9.edf,train,EEG F2,3.9e-05,0.000134,8.5e-05,7e-06,8.5e-05
9.edf,train,EEG F6,-9.6e-05,3.7e-05,-3.8e-05,9e-06,3.9e-05
9.edf,train,EEG FC3,-0.000142,8.6e-05,-4e-05,6e-06,4.1e-05
9.edf,train,EEG FCz,-5e-05,6e-06,-2.5e-05,5e-06,2.6e-05
9.edf,train,EEG FC4,-4.5e-05,3.9e-05,2e-06,8e-06,8e-06
9.edf,train,EEG C5,-0.000314,0.000116,-5.4e-05,9e-06,5.5e-05
9.edf,train,EEG C1,-7.3e-05,7e-06,-4.3e-05,4e-06,4.3e-05
9.edf,train,EEG C2,-7.1e-05,-2.2e-05,-4.6e-05,4e-06,4.6e-05
9.edf,train,EEG C6,-0.000217,9.1e-05,-5e-05,9e-06,5e-05
9.edf,train,EEG CP3,-0.000108,7e-05,-4e-05,7e-06,4.1e-05
9.edf,train,EEG CPz,0.000178,0.00023,0.000209,5e-06,0.000209
9.edf,train,EEG CP4,0.00016,0.000248,0.0002,8e-06,0.0002
9.edf,train,EEG P5,-2.9e-05,7.5e-05,1.3e-05,8e-06,1.5e-05
9.edf,train,EEG P1,0.000182,0.000266,0.000224,8e-06,0.000224
9.edf,train,EEG P2,0.000191,0.000276,0.000232,8e-06,0.000232
9.edf,train,EEG P6,0.000153,0.000249,0.000199,1e-05,0.000199
9.edf,train,EEG PO5,0.000162,0.000276,0.00022,1.1e-05,0.000221
9.edf,train,EEG PO3,0.000169,0.000286,0.000229,1.1e-05,0.000229
9.edf,train,EEG PO4,0.000143,0.000248,0.000199,1.1e-05,0.000199
9.edf,train,EEG PO6,0.00014,0.000251,0.000202,1.1e-05,0.000202
9.edf,train,EEG FT7,9.6e-05,0.000358,0.000219,1.1e-05,0.00022
9.edf,train,EEG FT8,9.4e-05,0.000307,0.000202,1.1e-05,0.000202
9.edf,train,EEG TP7,7.3e-05,0.000325,0.000227,1.2e-05,0.000227
9.edf,train,EEG TP8,0.00017,0.000299,0.00023,1e-05,0.00023
9.edf,train,EEG PO7,0.000168,0.000279,0.000225,1e-05,0.000225
9.edf,train,EEG PO8,0.000114,0.000276,0.000199,1.2e-05,0.0002
9.edf,train,EEG FT9,-1.5e-05,0.000247,0.000106,1.2e-05,0.000107
9.edf,train,EEG FT10,1.1e-05,0.000191,0.000107,1.3e-05,0.000108
9.edf,train,EEG TPP9h,-0.000133,3.1e-05,-4.8e-05,1.2e-05,4.9e-05
9.edf,train,EEG TPP10h,1.2e-05,0.000191,0.000107,1.2e-05,0.000108
9.edf,train,EEG PO9,-2.3e-05,0.000215,0.000115,1.2e-05,0.000116
9.edf,train,EEG PO10,-0.000141,6.9e-05,-5.5e-05,1.1e-05,5.6e-05
9.edf,train,EEG P9,1.1e-05,0.000177,9.5e-05,1.3e-05,9.6e-05
9.edf,train,EEG P10,-5e-06,0.000197,9.8e-05,1.3e-05,9.9e-05
9.edf,train,EEG AFF1,3.7e-05,0.000204,0.000102,1.1e-05,0.000103
9.edf,train,EEG AFz,-0.000123,8.9e-05,-5.3e-05,1.3e-05,5.5e-05
9.edf,train,EEG AFF2,1.6e-05,0.000183,8.2e-05,1e-05,8.3e-05
9.edf,train,EEG FFC5h,-0.000247,0.000178,-5.4e-05,1e-05,5.5e-05
9.edf,train,EEG FFC3h,-0.000128,4.8e-05,-5.3e-05,9e-06,5.4e-05
9.edf,train,EEG FFC4h,3.8e-05,0.000136,9.3e-05,9e-06,9.4e-05
9.edf,train,EEG FFC6h,-0.000104,1.2e-05,-5.2e-05,1e-05,5.3e-05
9.edf,train,EEG FCC5h,-9.2e-05,0.000318,9.5e-05,9e-06,9.5e-05
9.edf,train,EEG FCC3h,9e-05,0.000316,0.000185,8e-06,0.000185
9.edf,train,EEG FCC4h,0.000122,0.000203,0.000171,8e-06,0.000171
9.edf,train,EEG FCC6h,-1.2e-05,0.00015,7.3e-05,9e-06,7.3e-05
9.edf,train,EEG CCP5h,-3.4e-05,0.000466,0.000174,9e-06,0.000174
9.edf,train,EEG CCP3h,0.000101,0.000271,0.000163,7e-06,0.000163
9.edf,train,EEG CCP4h,0.000161,0.000225,0.000191,6e-06,0.000191
9.edf,train,EEG CCP6h,0.000151,0.000269,0.000211,8e-06,0.000211
9.edf,train,EEG CPP5h,0.000141,0.000261,0.000195,9e-06,0.000195
9.edf,train,EEG CPP3h,0.00012,0.000284,0.000179,8e-06,0.000179
9.edf,train,EEG CPP4h,0.000136,0.000219,0.000182,8e-06,0.000182
9.edf,train,EEG CPP6h,0.000114,0.000199,0.000156,8e-06,0.000157
9.edf,train,EEG PPO1,0.000122,0.000219,0.000176,9e-06,0.000176
9.edf,train,EEG PPO2,0.000136,0.000225,0.000185,9e-06,0.000185
9.edf,train,EEG I1,5.6e-05,0.000373,0.000202,1.3e-05,0.000203
9.edf,train,EEG Iz,0.000111,0.000257,0.000185,1.1e-05,0.000185
9.edf,train,EEG I2,5.9e-05,0.000327,0.000177,1.1e-05,0.000178
9.edf,train,EEG AFp3h,-0.000185,6.1e-05,-0.000122,1.4e-05,0.000123
9.edf,train,EEG AFp4h,-0.000202,9.4e-05,-0.000135,1.7e-05,0.000136
9.edf,train,EEG AFF5h,-0.000255,4.1e-05,-0.000113,1.2e-05,0.000114
9.edf,train,EEG AFF6h,-0.000174,2e-05,-0.000108,1.2e-05,0.000108
9.edf,train,EEG FFT7h,-0.000505,9.4e-05,-0.000122,1e-05,0.000122
9.edf,train,EEG FFC1h,-0.000176,-7.4e-05,-0.000128,8e-06,0.000129
9.edf,train,EEG FFC2h,-9.1e-05,-5e-06,-5.2e-05,6e-06,5.2e-05
9.edf,train,EEG FFT8h,-0.000216,-5.1e-05,-0.000127,1.1e-05,0.000128
9.edf,train,EEG FTT9h,-0.000242,2e-05,-0.000117,1.1e-05,0.000118
9.edf,train,EEG FTT7h,-0.00069,0.000294,-0.000114,9e-06,0.000114
9.edf,train,EEG FCC1h,-0.000133,-9.2e-05,-0.000112,4e-06,0.000112
9.edf,train,EEG FCC2h,-0.000155,-9.5e-05,-0.000131,6e-06,0.000131
9.edf,train,EEG FTT8h,-0.000236,2.6e-05,-0.00012,1.1e-05,0.00012
9.edf,train,EEG FTT10h,-0.000227,-4.8e-05,-0.00012,1e-05,0.000121
9.edf,train,EEG TTP7h,-0.000554,0.000135,-0.000116,1e-05,0.000117
9.edf,train,EEG CCP1h,-0.0001,-6.7e-05,-8.9e-05,2e-06,8.9e-05
9.edf,train,EEG CCP2h,0.00021,0.000254,0.000225,5e-06,0.000225
9.edf,train,EEG TTP8h,0.000198,0.000238,0.000218,5e-06,0.000218
9.edf,train,EEG TPP7h,-7.6e-05,5.1e-05,-2.7e-05,1e-05,2.8e-05
9.edf,train,EEG CPP1h,0.000166,0.000235,0.000194,7e-06,0.000194
9.edf,train,EEG CPP2h,0.00017,0.000239,0.000201,7e-06,0.000201
9.edf,train,EEG TPP8h,0.000145,0.000255,0.000197,1e-05,0.000197
9.edf,train,EEG PPO9h,6.3e-05,0.000307,0.00021,1.2e-05,0.00021
9.edf,train,EEG PPO5h,0.000179,0.000283,0.00022,9e-06,0.00022
9.edf,train,EEG PPO6h,0.000161,0.000251,0.000205,9e-06,0.000206
9.edf,train,EEG PPO10h,0.000135,0.000301,0.000213,1.2e-05,0.000214
9.edf,train,EEG POO9h,0.00012,0.000277,0.000195,1.1e-05,0.000195
9.edf,train,EEG POO3h,0.000131,0.000256,0.000193,1.2e-05,0.000193
9.edf,train,EEG POO4h,0.000135,0.000273,0.000211,1.2e-05,0.000211
9.edf,train,EEG POO10h,0.000126,0.000297,0.000194,1.2e-05,0.000194
9.edf,train,EEG OI1h,0.000137,0.000254,0.000196,1.1e-05,0.000196
9.edf,train,EEG OI2h,0.000137,0.000282,0.000201,1.1e-05,0.000201
10.edf,train,EEG Fp1,-0.000408,0.000478,-1.4e-05,3e-05,3.3e-05
10.edf,train,EEG Fp2,-0.000327,0.000373,-3e-05,2.6e-05,3.9e-05
10.edf,train,EEG Fpz,-0.000408,0.00052,-1.7e-05,3.8e-05,4.2e-05
10.edf,train,EEG F7,-0.000124,8.6e-05,-1.9e-05,8e-06,2e-05
10.edf,train,EEG F3,-5.9e-05,0.000104,8e-06,7e-06,1.1e-05
10.edf,train,EEG Fz,-2.2e-05,0.000174,6e-05,8e-06,6.1e-05
10.edf,train,EEG F4,-0.00012,0.000143,-1.5e-05,1.3e-05,2e-05
10.edf,train,EEG F8,-0.000143,0.000121,-2.4e-05,1e-05,2.6e-05
10.edf,train,EEG FC5,-0.000119,9e-05,-1.3e-05,8e-06,1.5e-05
10.edf,train,EEG FC1,-5.7e-05,8e-06,-2.8e-05,4e-06,2.9e-05
10.edf,train,EEG FC2,1.7e-05,9.4e-05,4.9e-05,5e-06,4.9e-05
10.edf,train,EEG FC6,-0.000242,0.000114,-2.7e-05,7e-06,2.8e-05
10.edf,train,EEG M1,-0.000167,7.4e-05,-2.6e-05,1.3e-05,2.9e-05
10.edf,train,EEG T7,-0.000191,6.2e-05,-1.6e-05,9e-06,1.8e-05
10.edf,train,EEG C3,-7.2e-05,1.6e-05,-2.7e-05,5e-06,2.8e-05
10.edf,train,EEG Cz,1.5e-05,2.6e-05,2.1e-05,2e-06,2.1e-05
10.edf,train,EEG C4,-2e-06,0.000276,0.000156,8e-06,0.000156
10.edf,train,EEG T8,-1.1e-05,0.000269,0.000172,1.1e-05,0.000173
10.edf,train,EEG M2,-0.00031,0.000113,-3e-06,1.5e-05,1.5e-05
10.edf,train,EEG CP5,7.3e-05,0.000221,0.000158,7e-06,0.000158
10.edf,train,EEG CP1,0.000135,0.000205,0.000171,6e-06,0.000172
10.edf,train,EEG CP2,0.000155,0.000217,0.000187,5e-06,0.000187
10.edf,train,EEG CP6,9.4e-05,0.000191,0.000146,7e-06,0.000146
10.edf,train,EEG P7,8.8e-05,0.000237,0.000167,8e-06,0.000167
10.edf,train,EEG P3,0.00011,0.000232,0.00017,7e-06,0.00017
10.edf,train,EEG Pz,0.000114,0.000206,0.000155,6e-06,0.000155
10.edf,train,EEG P4,9.5e-05,0.000197,0.000147,7e-06,0.000147
10.edf,train,EEG P8,6.5e-05,0.000242,0.000156,1e-05,0.000157
10.edf,train,EEG POz,8.3e-05,0.000213,0.000141,8e-06,0.000141
10.edf,train,EEG O1,8.6e-05,0.000266,0.000177,1e-05,0.000178
10.edf,train,EEG Oz,7.8e-05,0.00025,0.000167,9e-06,0.000167
10.edf,train,EEG O2,7.5e-05,0.000242,0.000164,9e-06,0.000164
10.edf,train,EOG EOGh,-0.002424,0.003149,0.000135,0.000128,0.000186
10.edf,train,EOG EOGv,-0.000974,0.001117,-0.000122,7.6e-05,0.000143
10.edf,train,EMG EMG_RH,-0.001269,0.000835,0.000169,4.4e-05,0.000175
10.edf,train,EMG EMG_LH,-0.00052,0.000261,-0.00013,2.6e-05,0.000132
10.edf,train,EMG EMG_RF,-0.000365,0.000498,-0.000136,7.1e-05,0.000153
10.edf,train,EEG AF7,-0.000305,0.00041,-1e-06,2.3e-05,2.3e-05
10.edf,train,EEG AF3,-0.000142,0.000218,1e-05,1.4e-05,1.7e-05
10.edf,train,EEG AF4,-0.000243,0.000273,-4e-06,2e-05,2e-05
10.edf,train,EEG AF8,-0.000191,0.000553,9.5e-05,2.8e-05,9.9e-05
10.edf,train,EEG F5,-0.00012,6.3e-05,-5.4e-05,8e-06,5.5e-05
10.edf,train,EEG F1,-0.000113,6.1e-05,-3.8e-05,7e-06,3.9e-05
10.edf,train,EEG F2,-4e-06,0.000204,8.1e-05,9e-06,8.1e-05
10.edf,train,EEG F6,-0.000204,0.000126,-3.7e-05,1.3e-05,4e-05
10.edf,train,EEG FC3,-6.7e-05,1.5e-05,-3.7e-05,5e-06,3.8e-05
10.edf,train,EEG FCz,-4.7e-05,1.4e-05,-2.1e-05,3e-06,2.1e-05
10.edf,train,EEG FC4,-4.6e-05,0.0001,8e-06,6e-06,1e-05
10.edf,train,EEG C5,-0.000182,8.1e-05,-5.8e-05,7e-06,5.8e-05
10.edf,train,EEG C1,-6.5e-05,-2.6e-05,-4.2e-05,4e-06,4.2e-05
10.edf,train,EEG C2,-6.7e-05,-2.5e-05,-5e-05,3e-06,5e-05
10.edf,train,EEG C6,-9.9e-05,5e-06,-4.7e-05,7e-06,4.7e-05
10.edf,train,EEG CP3,-7.5e-05,-3e-06,-3.6e-05,4e-06,3.6e-05
10.edf,train,EEG CPz,0.000193,0.000247,0.000217,5e-06,0.000218
10.edf,train,EEG CP4,0.000152,0.000235,0.000197,7e-06,0.000197
10.edf,train,EEG P5,-5.4e-05,7.6e-05,1.3e-05,7e-06,1.4e-05
10.edf,train,EEG P1,0.000159,0.00028,0.00022,7e-06,0.000221
10.edf,train,EEG P2,0.000185,0.000277,0.000232,6e-06,0.000232
10.edf,train,EEG P6,0.000143,0.00024,0.000194,7e-06,0.000194
10.edf,train,EEG PO5,0.000152,0.000283,0.000219,7e-06,0.000219
10.edf,train,EEG PO3,0.000167,0.000302,0.000233,8e-06,0.000233
10.edf,train,EEG PO4,0.000134,0.000261,0.000198,8e-06,0.000198
10.edf,train,EEG PO6,0.00013,0.000267,0.000202,8e-06,0.000202
10.edf,train,EEG FT7,5.3e-05,0.0003,0.00022,9e-06,0.00022
10.edf,train,EEG FT8,9.4e-05,0.000267,0.000201,8e-06,0.000201
10.edf,train,EEG TP7,9.2e-05,0.000408,0.000233,9e-06,0.000233
10.edf,train,EEG TP8,0.000134,0.000314,0.000232,1e-05,0.000233
10.edf,train,EEG PO7,0.000144,0.000292,0.000222,8e-06,0.000222
10.edf,train,EEG PO8,0.000133,0.00027,0.000203,9e-06,0.000203
10.edf,train,EEG FT9,-1.4e-05,0.000203,0.00011,1e-05,0.00011
10.edf,train,EEG FT10,9e-06,0.000182,0.000114,9e-06,0.000114
10.edf,train,EEG TPP9h,-0.000121,3.4e-05,-4.1e-05,9e-06,4.2e-05
10.edf,train,EEG TPP10h,1.4e-05,0.000189,0.000112,9e-06,0.000113
10.edf,train,EEG PO9,4.3e-05,0.000195,0.00012,8e-06,0.000121
10.edf,train,EEG PO10,-0.000165,2.1e-05,-6e-05,9e-06,6.1e-05
10.edf,train,EEG P9,2.5e-05,0.000178,0.000103,9e-06,0.000103
10.edf,train,EEG P10,-7e-06,0.000188,0.000103,1e-05,0.000104
10.edf,train,EEG AFF1,7e-06,0.000264,0.000111,1.1e-05,0.000111
10.edf,train,EEG AFz,-0.000196,0.000165,-5.2e-05,1.4e-05,5.4e-05
10.edf,train,EEG AFF2,-2.8e-05,0.000253,8.2e-05,1.1e-05,8.2e-05
10.edf,train,EEG FFC5h,-0.000117,6e-05,-5.3e-05,8e-06,5.4e-05
10.edf,train,EEG FFC3h,-0.000114,3.6e-05,-4.9e-05,7e-06,5e-05
10.edf,train,EEG FFC4h,3.8e-05,0.000184,8.9e-05,1e-05,9e-05
10.edf,train,EEG FFC6h,-0.000172,9.7e-05,-5.5e-05,9e-06,5.5e-05
10.edf,train,EEG FCC5h,5e-06,0.000212,9.7e-05,6e-06,9.7e-05
10.edf,train,EEG FCC3h,0.000164,0.000219,0.00019,5e-06,0.00019
10.edf,train,EEG FCC4h,0.000145,0.000219,0.000172,4e-06,0.000172
10.edf,train,EEG FCC6h,-5e-05,0.000264,7.7e-05,6e-06,7.7e-05
10.edf,train,EEG CCP5h,0.000109,0.000236,0.000177,6e-06,0.000177
10.edf,train,EEG CCP3h,0.000141,0.000182,0.000164,4e-06,0.000164
10.edf,train,EEG CCP4h,0.000153,0.000225,0.000185,6e-06,0.000185
10.edf,train,EEG CCP6h,0.000165,0.000244,0.00021,7e-06,0.00021
10.edf,train,EEG CPP5h,0.000124,0.000256,0.00019,7e-06,0.000191
10.edf,train,EEG CPP3h,0.00014,0.000212,0.000178,5e-06,0.000178
10.edf,train,EEG CPP4h,0.000148,0.000224,0.000186,7e-06,0.000186
10.edf,train,EEG CPP6h,0.000107,0.000203,0.000156,7e-06,0.000156
10.edf,train,EEG PPO1,0.000121,0.00023,0.000172,7e-06,0.000172
10.edf,train,EEG PPO2,0.000139,0.000241,0.000186,6e-06,0.000186
10.edf,train,EEG I1,0.000127,0.00028,0.000206,8e-06,0.000206
10.edf,train,EEG Iz,7.6e-05,0.000319,0.000188,1.1e-05,0.000188
10.edf,train,EEG I2,6e-05,0.000251,0.000168,9e-06,0.000168
10.edf,train,EEG AFp3h,-0.000349,0.000168,-0.000126,1.9e-05,0.000128
10.edf,train,EEG AFp4h,-0.000407,0.000207,-0.00014,2.6e-05,0.000143
10.edf,train,EEG AFF5h,-0.00024,7.4e-05,-0.000114,1.2e-05,0.000115
10.edf,train,EEG AFF6h,-0.00031,0.000134,-0.000105,1.9e-05,0.000106
10.edf,train,EEG FFT7h,-0.000228,-2e-05,-0.000123,7e-06,0.000123
10.edf,train,EEG FFC1h,-0.000175,-5.6e-05,-0.000123,5e-06,0.000124
10.edf,train,EEG FFC2h,-0.000106,2.8e-05,-5.1e-05,6e-06,5.2e-05
10.edf,train,EEG FFT8h,-0.00024,1.3e-05,-0.000127,1e-05,0.000127
10.edf,train,EEG FTT9h,-0.000284,-3.7e-05,-0.000117,9e-06,0.000117
10.edf,train,EEG FTT7h,-0.000298,-4.1e-05,-0.000118,8e-06,0.000118
10.edf,train,EEG FCC1h,-0.000137,-7.8e-05,-0.000112,3e-06,0.000112
10.edf,train,EEG FCC2h,-0.000148,-0.000112,-0.000131,2e-06,0.000131
10.edf,train,EEG FTT8h,-0.000234,-5.7e-05,-0.000118,8e-06,0.000118
10.edf,train,EEG FTT10h,-0.000224,-6.3e-05,-0.000126,8e-06,0.000126
10.edf,train,EEG TTP7h,-0.000213,-2.1e-05,-0.000114,8e-06,0.000114
10.edf,train,EEG CCP1h,-0.000111,-7.4e-05,-9e-05,3e-06,9e-05
10.edf,train,EEG CCP2h,0.000208,0.000244,0.000226,3e-06,0.000226
10.edf,train,EEG TTP8h,0.000206,0.000242,0.000225,5e-06,0.000225
10.edf,train,EEG TPP7h,-0.000103,4.4e-05,-2.5e-05,8e-06,2.6e-05
10.edf,train,EEG CPP1h,0.000159,0.000237,0.000196,5e-06,0.000196
10.edf,train,EEG CPP2h,0.000169,0.000244,0.000206,6e-06,0.000206
10.edf,train,EEG TPP8h,0.00013,0.000259,0.000199,8e-06,0.000199
10.edf,train,EEG PPO9h,0.000135,0.000286,0.000214,9e-06,0.000214
10.edf,train,EEG PPO5h,0.000146,0.000279,0.000214,7e-06,0.000214
10.edf,train,EEG PPO6h,0.000129,0.000265,0.000202,8e-06,0.000202
10.edf,train,EEG PPO10h,0.000114,0.000296,0.000215,9e-06,0.000215
10.edf,train,EEG POO9h,0.000111,0.000262,0.000191,8e-06,0.000191
10.edf,train,EEG POO3h,0.000115,0.000278,0.000196,9e-06,0.000196
10.edf,train,EEG POO4h,0.00013,0.000283,0.000208,8e-06,0.000208
10.edf,train,EEG POO10h,8.9e-05,0.000279,0.000195,9e-06,0.000195
10.edf,train,EEG OI1h,9.3e-05,0.000306,0.000197,1e-05,0.000197
10.edf,train,EEG OI2h,9.7e-05,0.00028,0.000199,9e-06,0.000199
11.edf,train,EEG Fp1,-0.000229,0.000264,-1.8e-05,5.1e-05,5.4e-05
11.edf,train,EEG Fp2,-0.000211,0.000197,-3.1e-05,4.2e-05,5.2e-05
11.edf,train,EEG Fpz,-0.000224,0.000234,-2.4e-05,4.7e-05,5.3e-05
11.edf,train,EEG F7,-0.000304,0.000147,-2.2e-05,1.3e-05,2.5e-05
11.edf,train,EEG F3,-0.000133,0.000177,8e-06,1.2e-05,1.4e-05
11.edf,train,EEG Fz,1.2e-05,0.000123,6e-05,1.1e-05,6.1e-05
11.edf,train,EEG F4,-0.000128,0.000126,-2.1e-05,9e-06,2.3e-05
11.edf,train,EEG F8,-0.000343,0.000203,-2.5e-05,1.1e-05,2.8e-05
11.edf,train,EEG FC5,-0.000245,0.000146,-1.9e-05,6e-06,2e-05
11.edf,train,EEG FC1,-6.7e-05,1e-05,-3.1e-05,6e-06,3.1e-05
11.edf,train,EEG FC2,1.9e-05,9.9e-05,4.9e-05,5e-06,4.9e-05
11.edf,train,EEG FC6,-0.000346,0.00011,-2.8e-05,5e-06,2.9e-05
11.edf,train,EEG M1,-0.00015,9.3e-05,-1.6e-05,1.5e-05,2.2e-05
11.edf,train,EEG T7,-0.000313,0.00013,-1.9e-05,1e-05,2.2e-05
11.edf,train,EEG C3,-0.000121,9.3e-05,-3e-05,4e-06,3e-05
11.edf,train,EEG Cz,9e-06,2.3e-05,1.6e-05,3e-06,1.7e-05
11.edf,train,EEG C4,0.0001,0.000226,0.00016,4e-06,0.00016
11.edf,train,EEG T8,-0.00012,0.000412,0.000169,1.3e-05,0.000169
11.edf,train,EEG M2,-0.000132,7.7e-05,-1e-05,1.5e-05,1.8e-05
11.edf,train,EEG CP5,8.4e-05,0.000219,0.000156,8e-06,0.000156
11.edf,train,EEG CP1,0.000128,0.000198,0.000164,7e-06,0.000164
11.edf,train,EEG CP2,0.000143,0.000241,0.000184,5e-06,0.000184
11.edf,train,EEG CP6,1.7e-05,0.00035,0.000143,7e-06,0.000143
11.edf,train,EEG P7,8.8e-05,0.000227,0.000163,1.1e-05,0.000164
11.edf,train,EEG P3,0.000108,0.00021,0.000168,8e-06,0.000168
11.edf,train,EEG Pz,0.000115,0.000188,0.000155,6e-06,0.000155
11.edf,train,EEG P4,8.8e-05,0.000199,0.000143,8e-06,0.000143
11.edf,train,EEG P8,1.7e-05,0.000233,0.000155,1.1e-05,0.000156
11.edf,train,EEG POz,7.5e-05,0.000192,0.000143,9e-06,0.000143
11.edf,train,EEG O1,4.3e-05,0.000309,0.000166,1.3e-05,0.000167
11.edf,train,EEG Oz,8.3e-05,0.000225,0.000167,1e-05,0.000167
11.edf,train,EEG O2,7.3e-05,0.000217,0.000155,1.1e-05,0.000156
11.edf,train,EOG EOGh,-0.001623,0.003251,0.000109,8.9e-05,0.000141
11.edf,train,EOG EOGv,-0.000598,0.000575,-0.000121,0.00012,0.00017
11.edf,train,EMG EMG_RH,-0.00048,0.000969,0.00017,3.1e-05,0.000173
11.edf,train,EMG EMG_LH,-0.000432,0.000294,-0.000131,2.2e-05,0.000133
11.edf,train,EMG EMG_RF,-0.000389,0.000101,-0.00013,2e-05,0.000131
11.edf,train,EEG AF7,-0.000181,0.000226,-6e-06,3.6e-05,3.6e-05
11.edf,train,EEG AF3,-9.8e-05,0.000134,1.3e-05,2.2e-05,2.5e-05
11.edf,train,EEG AF4,-9.5e-05,0.000103,-7e-06,2e-05,2.1e-05
11.edf,train,EEG AF8,-6.3e-05,0.000301,9.2e-05,3.2e-05,9.8e-05
11.edf,train,EEG F5,-0.000195,0.000121,-5.5e-05,1.2e-05,5.6e-05
11.edf,train,EEG F1,-9e-05,1.9e-05,-4.1e-05,1.1e-05,4.2e-05
11.edf,train,EEG F2,5.4e-05,0.000136,8.8e-05,7e-06,8.8e-05
11.edf,train,EEG F6,-0.000279,0.000285,-4e-05,1e-05,4.1e-05
11.edf,train,EEG FC3,-0.000117,4.4e-05,-4.1e-05,4e-06,4.1e-05
11.edf,train,EEG FCz,-6.5e-05,-3e-06,-2.4e-05,4e-06,2.5e-05
11.edf,train,EEG FC4,-0.000148,0.000193,5e-06,5e-06,7e-06
11.edf,train,EEG C5,-0.000218,0.000107,-5.6e-05,8e-06,5.7e-05
11.edf,train,EEG C1,-8e-05,-3e-06,-4.6e-05,3e-06,4.6e-05
11.edf,train,EEG C2,-7.8e-05,-1e-05,-4.5e-05,2e-06,4.5e-05
11.edf,train,EEG C6,-0.000323,0.000133,-5.1e-05,5e-06,5.1e-05
11.edf,train,EEG CP3,-9.4e-05,6e-06,-4.1e-05,5e-06,4.1e-05
11.edf,train,EEG CPz,0.00019,0.000236,0.000214,5e-06,0.000214
11.edf,train,EEG CP4,0.000146,0.000261,0.000197,5e-06,0.000197
11.edf,train,EEG P5,-6e-05,6.9e-05,1.3e-05,7e-06,1.5e-05
11.edf,train,EEG P1,0.000166,0.000257,0.000221,7e-06,0.000221
11.edf,train,EEG P2,0.000187,0.000271,0.000237,6e-06,0.000237
11.edf,train,EEG P6,0.000135,0.000265,0.000195,8e-06,0.000195
11.edf,train,EEG PO5,0.000145,0.000279,0.000217,1e-05,0.000218
11.edf,train,EEG PO3,0.000166,0.000276,0.000227,9e-06,0.000227
11.edf,train,EEG PO4,0.000125,0.000243,0.000196,9e-06,0.000196
11.edf,train,EEG PO6,0.000135,0.000254,0.000203,9e-06,0.000204
11.edf,train,EEG FT7,-6.7e-05,0.000363,0.000216,1e-05,0.000216
11.edf,train,EEG FT8,-0.000154,0.000445,0.0002,8e-06,0.0002
11.edf,train,EEG TP7,0.000114,0.000403,0.000225,1.1e-05,0.000225
11.edf,train,EEG TP8,0.000105,0.000341,0.000227,7e-06,0.000227
11.edf,train,EEG PO7,0.000145,0.00028,0.000219,1e-05,0.00022
11.edf,train,EEG PO8,0.000125,0.000273,0.000199,1e-05,0.000199
11.edf,train,EEG FT9,-0.000155,0.000242,0.000111,9e-06,0.000111
11.edf,train,EEG FT10,-6.1e-05,0.00031,0.000114,9e-06,0.000114
11.edf,train,EEG TPP9h,-0.000122,1.6e-05,-4.9e-05,1.1e-05,5e-05
11.edf,train,EEG TPP10h,-0.000187,0.000209,0.000111,1.2e-05,0.000112
11.edf,train,EEG PO9,4.7e-05,0.000184,0.000121,1e-05,0.000122
11.edf,train,EEG PO10,-0.000205,1e-05,-6.1e-05,1e-05,6.2e-05
11.edf,train,EEG P9,2.6e-05,0.000165,9.9e-05,1.1e-05,9.9e-05
11.edf,train,EEG P10,-0.000146,0.000198,0.000104,1.2e-05,0.000104
11.edf,train,EEG AFF1,-0.000149,0.000368,0.000111,1.5e-05,0.000112
11.edf,train,EEG AFz,-0.000151,6.4e-05,-5.7e-05,2.2e-05,6.1e-05
11.edf,train,EEG AFF2,-0.000223,0.000383,8.2e-05,1.6e-05,8.4e-05
11.edf,train,EEG FFC5h,-0.000198,0.000113,-5.7e-05,1.2e-05,5.8e-05
11.edf,train,EEG FFC3h,-0.00011,1.6e-05,-5.5e-05,7e-06,5.6e-05
11.edf,train,EEG FFC4h,6.1e-05,0.000148,9.9e-05,5e-06,9.9e-05
11.edf,train,EEG FFC6h,-0.000312,0.000265,-5.7e-05,8e-06,5.7e-05
11.edf,train,EEG FCC5h,-0.000102,0.000381,0.0001,4e-06,0.0001
11.edf,train,EEG FCC3h,0.000115,0.000272,0.000192,4e-06,0.000192
11.edf,train,EEG FCC4h,9.4e-05,0.000283,0.000176,2e-06,0.000176
11.edf,train,EEG FCC6h,-0.000219,0.000336,7.3e-05,7e-06,7.3e-05
11.edf,train,EEG CCP5h,5.5e-05,0.000338,0.000178,6e-06,0.000178
11.edf,train,EEG CCP3h,0.000113,0.000218,0.000168,5e-06,0.000168
11.edf,train,EEG CCP4h,0.000127,0.000245,0.000185,4e-06,0.000185
11.edf,train,EEG CCP6h,7.3e-05,0.000362,0.000207,6e-06,0.000207
11.edf,train,EEG CPP5h,0.00012,0.000249,0.000192,7e-06,0.000193
11.edf,train,EEG CPP3h,0.000122,0.000221,0.000178,6e-06,0.000178
11.edf,train,EEG CPP4h,0.00014,0.000234,0.000181,8e-06,0.000182
11.edf,train,EEG CPP6h,9.6e-05,0.000223,0.000152,8e-06,0.000153
11.edf,train,EEG PPO1,0.000115,0.000216,0.000173,7e-06,0.000173
11.edf,train,EEG PPO2,0.000128,0.000226,0.000184,7e-06,0.000184
11.edf,train,EEG I1,7.5e-05,0.000345,0.000201,1.2e-05,0.000201
11.edf,train,EEG Iz,9.2e-05,0.000256,0.000182,1.1e-05,0.000182
11.edf,train,EEG I2,5.6e-05,0.000262,0.000169,1.4e-05,0.000169
11.edf,train,EEG AFp3h,-0.00026,4.8e-05,-0.000125,3.1e-05,0.000129
11.edf,train,EEG AFp4h,-0.000273,2.2e-05,-0.000138,3e-05,0.000141
11.edf,train,EEG AFF5h,-0.000255,5.6e-05,-0.000115,1.2e-05,0.000115
11.edf,train,EEG AFF6h,-0.000234,3.7e-05,-0.000109,1.5e-05,0.00011
11.edf,train,EEG FFT7h,-0.000233,-0.0,-0.000126,1e-05,0.000127
11.edf,train,EEG FFC1h,-0.000162,-8.6e-05,-0.000129,8e-06,0.000129
11.edf,train,EEG FFC2h,-8.3e-05,-1.2e-05,-5.3e-05,6e-06,5.3e-05
11.edf,train,EEG FFT8h,-0.000543,0.000209,-0.000129,9e-06,0.00013
11.edf,train,EEG FTT9h,-0.000405,2.4e-05,-0.00012,9e-06,0.00012
11.edf,train,EEG FTT7h,-0.000434,2.3e-05,-0.000119,8e-06,0.000119
11.edf,train,EEG FCC1h,-0.000167,-9.7e-05,-0.000114,3e-06,0.000114
11.edf,train,EEG FCC2h,-0.000142,-0.000118,-0.000133,1e-06,0.000133
11.edf,train,EEG FTT8h,-0.000519,0.000132,-0.000122,8e-06,0.000122
11.edf,train,EEG FTT10h,-0.000414,0.000135,-0.000124,1e-05,0.000125
11.edf,train,EEG TTP7h,-0.000261,-1.2e-05,-0.000119,8e-06,0.000119
11.edf,train,EEG CCP1h,-0.000122,-7.4e-05,-9.1e-05,3e-06,9.1e-05
11.edf,train,EEG CCP2h,0.000201,0.000242,0.00022,4e-06,0.00022
11.edf,train,EEG TTP8h,0.000138,0.000291,0.000219,6e-06,0.00022
11.edf,train,EEG TPP7h,-0.0001,3.2e-05,-3e-05,8e-06,3.1e-05
11.edf,train,EEG CPP1h,0.000152,0.000221,0.000191,6e-06,0.000191
11.edf,train,EEG CPP2h,0.000158,0.000231,0.000198,7e-06,0.000198
11.edf,train,EEG TPP8h,0.000124,0.000276,0.000192,9e-06,0.000192
11.edf,train,EEG PPO9h,0.000134,0.000272,0.000206,1.1e-05,0.000207
11.edf,train,EEG PPO5h,0.00014,0.000273,0.000215,1e-05,0.000215
11.edf,train,EEG PPO6h,0.000132,0.00025,0.000201,8e-06,0.000201
11.edf,train,EEG PPO10h,6.5e-05,0.000287,0.000209,1.1e-05,0.000209
11.edf,train,EEG POO9h,6.3e-05,0.000332,0.000189,1.1e-05,0.00019
11.edf,train,EEG POO3h,0.000112,0.00025,0.000189,1.1e-05,0.00019
11.edf,train,EEG POO4h,0.000127,0.000268,0.000212,1.1e-05,0.000212
11.edf,train,EEG POO10h,8.1e-05,0.00028,0.000189,1.4e-05,0.000189
11.edf,train,EEG OI1h,0.000103,0.00027,0.000191,1.1e-05,0.000191
11.edf,train,EEG OI2h,0.000109,0.000268,0.000194,1.1e-05,0.000194
12.edf,train,EEG Fp1,-0.0004,0.00218,-2e-05,0.000119,0.000121
12.edf,train,EEG Fp2,-0.000324,0.000669,-3.5e-05,8.9e-05,9.6e-05
12.edf,train,EEG Fpz,-0.000331,0.000431,-1.9e-05,8.1e-05,8.3e-05
12.edf,train,EEG F7,-0.000593,0.000425,-2.3e-05,2.5e-05,3.4e-05
12.edf,train,EEG F3,-0.000308,0.000333,4e-06,3e-05,3e-05
12.edf,train,EEG Fz,-6.6e-05,0.000178,5.7e-05,2.4e-05,6.2e-05
12.edf,train,EEG F4,-0.000564,0.000451,-2.5e-05,2.2e-05,3.3e-05
12.edf,train,EEG F8,-0.000566,0.000357,-2.6e-05,2e-05,3.3e-05
12.edf,train,EEG FC5,-0.000764,0.000447,-1.6e-05,1.2e-05,2e-05
12.edf,train,EEG FC1,-0.000185,0.000237,-3.2e-05,1e-05,3.4e-05
12.edf,train,EEG FC2,-0.000172,0.000264,4.5e-05,1e-05,4.6e-05
12.edf,train,EEG FC6,-0.001052,0.000515,-2.9e-05,1.1e-05,3.1e-05
12.edf,train,EEG M1,-0.000382,0.000245,-2.6e-05,2.3e-05,3.4e-05
12.edf,train,EEG T7,-0.000492,0.000497,-1.9e-05,1.2e-05,2.3e-05
12.edf,train,EEG C3,-0.000369,0.000529,-3.1e-05,7e-06,3.2e-05
12.edf,train,EEG Cz,7e-06,2.2e-05,1.5e-05,3e-06,1.5e-05
12.edf,train,EEG C4,-0.000309,0.000704,0.000149,9e-06,0.00015
12.edf,train,EEG T8,-0.00077,0.000638,0.000155,1.5e-05,0.000156
12.edf,train,EEG M2,-0.000358,0.000293,-1e-05,2.3e-05,2.5e-05
12.edf,train,EEG CP5,-0.000204,0.000352,0.000143,1.2e-05,0.000144
12.edf,train,EEG CP1,5.3e-05,0.000271,0.000155,1.3e-05,0.000155
12.edf,train,EEG CP2,2.5e-05,0.000235,0.000168,1.2e-05,0.000169
12.edf,train,EEG CP6,-0.000291,0.000653,0.000137,1.2e-05,0.000138
12.edf,train,EEG P7,-0.000138,0.000325,0.00015,1.6e-05,0.00015
12.edf,train,EEG P3,-1.6e-05,0.000358,0.000152,1.3e-05,0.000153
12.edf,train,EEG Pz,3.6e-05,0.000232,0.000149,1.3e-05,0.00015
12.edf,train,EEG P4,-7.2e-05,0.000274,0.000135,1.3e-05,0.000135
12.edf,train,EEG P8,-0.000108,0.000382,0.000143,2.1e-05,0.000145
12.edf,train,EEG POz,-4.3e-05,0.000231,0.000131,1.5e-05,0.000132
12.edf,train,EEG O1,-7.3e-05,0.000291,0.000157,1.9e-05,0.000158
12.edf,train,EEG Oz,-8.1e-05,0.000291,0.00015,1.8e-05,0.000151
12.edf,train,EEG O2,-0.000108,0.000354,0.000146,2.1e-05,0.000147
12.edf,train,EOG EOGh,-0.00934,0.004564,0.000232,0.00033,0.000404
12.edf,train,EOG EOGv,-0.000885,0.000935,-0.000106,0.000186,0.000214
12.edf,train,EMG EMG_RH,-0.003745,0.001983,0.000161,6.8e-05,0.000175
12.edf,train,EMG EMG_LH,-0.002384,0.004616,-0.000125,7.9e-05,0.000148
12.edf,train,EMG EMG_RF,-0.000422,0.000269,-0.000119,1.6e-05,0.00012
12.edf,train,EEG AF7,-0.000459,0.005383,-8e-06,0.000136,0.000136
12.edf,train,EEG AF3,-0.000212,0.000258,4e-06,5.2e-05,5.2e-05
12.edf,train,EEG AF4,-0.000407,0.000368,-1.2e-05,4.7e-05,4.9e-05
12.edf,train,EEG AF8,-0.000521,0.001709,8.4e-05,7.7e-05,0.000114
12.edf,train,EEG F5,-0.000431,0.000628,-5.9e-05,3.5e-05,6.9e-05
12.edf,train,EEG F1,-0.000193,0.000134,-4.3e-05,2.3e-05,4.9e-05
12.edf,train,EEG F2,-0.000122,0.000233,7.9e-05,2e-05,8.2e-05
12.edf,train,EEG F6,-0.000582,0.00043,-4.6e-05,2.2e-05,5e-05
12.edf,train,EEG FC3,-0.000594,0.000957,-4.4e-05,1.2e-05,4.5e-05
12.edf,train,EEG FCz,-7.7e-05,3e-05,-2.7e-05,9e-06,2.8e-05
12.edf,train,EEG FC4,-0.000512,0.00067,1e-06,9e-06,9e-06
12.edf,train,EEG C5,-0.000881,0.000406,-5.9e-05,9e-06,6e-05
12.edf,train,EEG C1,-0.000165,0.000184,-4.6e-05,4e-06,4.6e-05
12.edf,train,EEG C2,-0.000212,0.000116,-5.1e-05,5e-06,5.1e-05
12.edf,train,EEG C6,-0.000659,0.000418,-5.3e-05,9e-06,5.4e-05
12.edf,train,EEG CP3,-0.0003,0.000283,-4.6e-05,8e-06,4.6e-05
12.edf,train,EEG CPz,0.000139,0.000242,0.000204,1.1e-05,0.000204
12.edf,train,EEG CP4,-8.3e-05,0.000454,0.000184,1.1e-05,0.000185
12.edf,train,EEG P5,-0.000183,0.000192,8e-06,1.2e-05,1.4e-05
12.edf,train,EEG P1,9.2e-05,0.0003,0.000207,1.1e-05,0.000207
12.edf,train,EEG P2,7e-05,0.000307,0.000218,1.3e-05,0.000219
12.edf,train,EEG P6,-6.7e-05,0.000383,0.000182,1.5e-05,0.000183
12.edf,train,EEG PO5,-9e-06,0.000327,0.000206,1.5e-05,0.000207
12.edf,train,EEG PO3,3.7e-05,0.000302,0.000213,1.4e-05,0.000213
12.edf,train,EEG PO4,2.1e-05,0.000298,0.000187,1.5e-05,0.000188
12.edf,train,EEG PO6,1e-06,0.000311,0.000189,1.7e-05,0.00019
12.edf,train,EEG FT7,-0.000249,0.000654,0.000203,1.8e-05,0.000204
12.edf,train,EEG FT8,-0.000769,0.000757,0.000186,1.3e-05,0.000186
12.edf,train,EEG TP7,-0.000294,0.000584,0.000215,1.7e-05,0.000216
12.edf,train,EEG TP8,-0.000114,0.000413,0.000217,1.6e-05,0.000218
12.edf,train,EEG PO7,-3.2e-05,0.000368,0.000206,1.7e-05,0.000207
12.edf,train,EEG PO8,-9.3e-05,0.000415,0.000186,2.2e-05,0.000188
12.edf,train,EEG FT9,-0.000349,0.000553,0.000107,1.6e-05,0.000108
12.edf,train,EEG FT10,-0.000418,0.000584,0.000108,1.7e-05,0.000109
12.edf,train,EEG TPP9h,-0.000547,0.000305,-4.9e-05,1.6e-05,5.2e-05
12.edf,train,EEG TPP10h,-0.000167,0.000297,0.000108,1.7e-05,0.000109
12.edf,train,EEG PO9,-0.000129,0.000289,0.000114,1.6e-05,0.000116
12.edf,train,EEG PO10,-0.000311,0.000169,-6.6e-05,1.9e-05,6.8e-05
12.edf,train,EEG P9,-0.000204,0.00031,9.3e-05,1.8e-05,9.5e-05
12.edf,train,EEG P10,-0.000215,0.000299,9.5e-05,1.9e-05,9.7e-05
12.edf,train,EEG AFF1,-0.000423,0.000345,0.000108,3.3e-05,0.000113
12.edf,train,EEG AFz,-0.000285,0.000217,-6.3e-05,5.4e-05,8.3e-05
12.edf,train,EEG AFF2,-0.000481,0.00033,7.6e-05,3.2e-05,8.3e-05
12.edf,train,EEG FFC5h,-0.000546,0.000571,-6.2e-05,2.1e-05,6.5e-05
12.edf,train,EEG FFC3h,-0.000319,0.0004,-5.8e-05,1.6e-05,6e-05
12.edf,train,EEG FFC4h,-0.000124,0.000317,9.5e-05,9e-06,9.6e-05
12.edf,train,EEG FFC6h,-0.000602,0.000413,-6.2e-05,2.2e-05,6.5e-05
12.edf,train,EEG FCC5h,-0.000281,0.000534,9.5e-05,9e-06,9.6e-05
12.edf,train,EEG FCC3h,-0.000123,0.000719,0.000179,1e-05,0.000179
12.edf,train,EEG FCC4h,-0.000195,0.000645,0.000164,8e-06,0.000164
12.edf,train,EEG FCC6h,-0.000899,0.001074,6.9e-05,1e-05,7e-05
12.edf,train,EEG CCP5h,-0.00026,0.000645,0.000166,1.1e-05,0.000166
12.edf,train,EEG CCP3h,-9e-06,0.000391,0.000156,8e-06,0.000157
12.edf,train,EEG CCP4h,-8e-05,0.00046,0.000175,8e-06,0.000175
12.edf,train,EEG CCP6h,-0.000311,0.000794,0.000196,1.2e-05,0.000196
12.edf,train,EEG CPP5h,-0.000107,0.000572,0.000181,1.2e-05,0.000182
12.edf,train,EEG CPP3h,3.1e-05,0.000347,0.000167,1.1e-05,0.000168
12.edf,train,EEG CPP4h,-2e-05,0.000316,0.000169,1.5e-05,0.00017
12.edf,train,EEG CPP6h,-0.000134,0.000457,0.000149,1.2e-05,0.000149
12.edf,train,EEG PPO1,6e-06,0.00023,0.000159,1.4e-05,0.00016
12.edf,train,EEG PPO2,3.2e-05,0.000263,0.000171,1.4e-05,0.000172
12.edf,train,EEG I1,-7e-05,0.000396,0.000189,2.1e-05,0.00019
12.edf,train,EEG Iz,-0.00011,0.000351,0.000171,2e-05,0.000173
12.edf,train,EEG I2,-0.000126,0.000346,0.000157,1.9e-05,0.000158
12.edf,train,EEG AFp3h,-0.000414,0.000671,-0.000134,8.8e-05,0.00016
12.edf,train,EEG AFp4h,-0.000418,0.000245,-0.000144,7.5e-05,0.000163
12.edf,train,EEG AFF5h,-0.000496,0.00026,-0.00012,4.8e-05,0.000129
12.edf,train,EEG AFF6h,-0.000653,0.000358,-0.000115,2.2e-05,0.000117
12.edf,train,EEG FFT7h,-0.000696,0.000313,-0.000131,2.4e-05,0.000133
12.edf,train,EEG FFC1h,-0.000221,-4.8e-05,-0.000134,1.6e-05,0.000135
12.edf,train,EEG FFC2h,-0.000194,4.2e-05,-5.8e-05,1.6e-05,6e-05
12.edf,train,EEG FFT8h,-0.00067,0.000337,-0.000134,2.2e-05,0.000136
12.edf,train,EEG FTT9h,-0.00058,0.000319,-0.000128,1.6e-05,0.000129
12.edf,train,EEG FTT7h,-0.000715,0.000279,-0.000123,1e-05,0.000123
12.edf,train,EEG FCC1h,-0.000194,9e-06,-0.000119,5e-06,0.00012
12.edf,train,EEG FCC2h,-0.000286,1.7e-05,-0.000139,7e-06,0.00014
12.edf,train,EEG FTT8h,-0.000978,0.000306,-0.000126,1.1e-05,0.000126
12.edf,train,EEG FTT10h,-0.000647,0.000347,-0.000131,1.6e-05,0.000132
12.edf,train,EEG TTP7h,-0.001065,0.000447,-0.000123,1.2e-05,0.000123
12.edf,train,EEG CCP1h,-0.000142,-3.5e-05,-9.6e-05,5e-06,9.6e-05
12.edf,train,EEG CCP2h,0.000124,0.000246,0.000207,1e-05,0.000207
12.edf,train,EEG TTP8h,-2e-06,0.000315,0.00021,1e-05,0.00021
12.edf,train,EEG TPP7h,-0.000321,0.000141,-3.7e-05,1.4e-05,3.9e-05
12.edf,train,EEG CPP1h,8.6e-05,0.00023,0.000175,1.3e-05,0.000175
12.edf,train,EEG CPP2h,7.3e-05,0.00025,0.000184,1.4e-05,0.000184
12.edf,train,EEG TPP8h,-0.00012,0.000408,0.00018,1.7e-05,0.000181
12.edf,train,EEG PPO9h,-5.1e-05,0.000366,0.000195,1.9e-05,0.000196
12.edf,train,EEG PPO5h,1e-05,0.000365,0.000202,1.4e-05,0.000203
12.edf,train,EEG PPO6h,-0.0,0.000308,0.000187,1.6e-05,0.000188
12.edf,train,EEG PPO10h,-4.9e-05,0.000436,0.000197,2.2e-05,0.000199
12.edf,train,EEG POO9h,-6.3e-05,0.000367,0.000176,1.9e-05,0.000177
12.edf,train,EEG POO3h,-2.8e-05,0.000305,0.00018,1.7e-05,0.000181
12.edf,train,EEG POO4h,-2.6e-05,0.000314,0.00019,1.9e-05,0.000191
12.edf,train,EEG POO10h,-0.000104,0.000365,0.000178,2e-05,0.000179
12.edf,train,EEG OI1h,-6.3e-05,0.000353,0.00018,1.9e-05,0.000181
12.edf,train,EEG OI2h,-8.6e-05,0.000386,0.000181,2.2e-05,0.000183
13.edf,train,EEG Fp1,-9.8e-05,0.000169,-2e-05,1.9e-05,2.8e-05
13.edf,train,EEG Fp2,-0.000126,0.000153,-4e-05,1.9e-05,4.4e-05
13.edf,train,EEG Fpz,-9.6e-05,0.000168,-1.7e-05,1.8e-05,2.5e-05
13.edf,train,EEG F7,-0.000228,4.9e-05,-2e-05,8e-06,2.2e-05
13.edf,train,EEG F3,-8.2e-05,0.000125,8e-06,7e-06,1.1e-05
13.edf,train,EEG Fz,-2e-05,0.00014,5.6e-05,1e-05,5.7e-05
13.edf,train,EEG F4,-9.6e-05,0.000119,-2.3e-05,8e-06,2.4e-05
13.edf,train,EEG F8,-0.000261,0.000145,-2.4e-05,1e-05,2.6e-05
13.edf,train,EEG FC5,-0.000173,5.5e-05,-1.2e-05,6e-06,1.3e-05
13.edf,train,EEG FC1,-7.9e-05,5e-05,-3.3e-05,5e-06,3.3e-05
13.edf,train,EEG FC2,1.4e-05,0.000125,4.6e-05,4e-06,4.6e-05
13.edf,train,EEG FC6,-0.000172,4.6e-05,-3.2e-05,7e-06,3.3e-05
13.edf,train,EEG M1,-0.000159,5.3e-05,-2.5e-05,1e-05,2.7e-05
13.edf,train,EEG T7,-0.000221,2.8e-05,-1.8e-05,8e-06,1.9e-05
13.edf,train,EEG C3,-8.4e-05,3e-05,-3.4e-05,7e-06,3.4e-05
13.edf,train,EEG Cz,1.1e-05,2e-05,1.6e-05,2e-06,1.6e-05
13.edf,train,EEG C4,8e-05,0.000356,0.000152,6e-06,0.000152
13.edf,train,EEG T8,-8e-05,0.000303,0.000163,8e-06,0.000163
13.edf,train,EEG M2,-0.000134,8.7e-05,-6e-06,1e-05,1.2e-05
13.edf,train,EEG CP5,-0.000133,0.000234,0.000146,7e-06,0.000146
13.edf,train,EEG CP1,0.000134,0.000191,0.000166,6e-06,0.000166
13.edf,train,EEG CP2,0.000152,0.00021,0.000179,5e-06,0.000179
13.edf,train,EEG CP6,-5.5e-05,0.00029,0.000138,7e-06,0.000138
13.edf,train,EEG P7,6.3e-05,0.000205,0.000153,1e-05,0.000154
13.edf,train,EEG P3,4.3e-05,0.000219,0.000157,9e-06,0.000157
13.edf,train,EEG Pz,0.000118,0.000183,0.000154,6e-06,0.000154
13.edf,train,EEG P4,9.9e-05,0.000194,0.000135,7e-06,0.000135
13.edf,train,EEG P8,6.8e-05,0.00024,0.000152,9e-06,0.000152
13.edf,train,EEG POz,8.1e-05,0.000168,0.000133,7e-06,0.000133
13.edf,train,EEG O1,9.6e-05,0.000246,0.000172,1e-05,0.000172
13.edf,train,EEG Oz,7.9e-05,0.000249,0.000154,1.1e-05,0.000154
13.edf,train,EEG O2,8.7e-05,0.000218,0.000152,9e-06,0.000152
13.edf,train,EOG EOGh,-0.000726,0.00197,0.000211,8.5e-05,0.000227
13.edf,train,EOG EOGv,-0.000621,7.6e-05,-0.000119,4.8e-05,0.000128
13.edf,train,EMG EMG_RH,-0.00052,0.000522,0.00016,2.1e-05,0.000162
13.edf,train,EMG EMG_LH,-0.000893,0.000806,-0.000133,2.6e-05,0.000135
13.edf,train,EMG EMG_RF,-0.000791,9.7e-05,-0.000125,1.8e-05,0.000126
13.edf,train,EEG AF7,-0.000119,0.000229,0.0,1.3e-05,1.3e-05
13.edf,train,EEG AF3,-9.2e-05,8.7e-05,0.0,1e-05,1e-05
13.edf,train,EEG AF4,-7.6e-05,0.000113,-1e-05,1.3e-05,1.7e-05
13.edf,train,EEG AF8,-5.9e-05,0.000332,9.6e-05,1.5e-05,9.7e-05
13.edf,train,EEG F5,-0.000176,4.8e-05,-5.7e-05,9e-06,5.8e-05
13.edf,train,EEG F1,-8.3e-05,2.3e-05,-4e-05,7e-06,4.1e-05
13.edf,train,EEG F2,3.3e-05,0.000145,7.7e-05,7e-06,7.7e-05
13.edf,train,EEG F6,-0.000212,0.000189,-4.4e-05,1e-05,4.5e-05
13.edf,train,EEG FC3,-8.4e-05,4.4e-05,-3.8e-05,5e-06,3.9e-05
13.edf,train,EEG FCz,-5.3e-05,9e-06,-2.6e-05,5e-06,2.6e-05
13.edf,train,EEG FC4,-0.000103,0.000345,5e-06,8e-06,9e-06
13.edf,train,EEG C5,-0.000208,3e-06,-6.2e-05,1e-05,6.3e-05
13.edf,train,EEG C1,-5.8e-05,-2.8e-05,-4.1e-05,3e-06,4.1e-05
13.edf,train,EEG C2,-7.4e-05,1.6e-05,-5.3e-05,3e-06,5.4e-05
13.edf,train,EEG C6,-0.000215,2.9e-05,-5e-05,6e-06,5e-05
13.edf,train,EEG CP3,-0.000115,3.8e-05,-4e-05,5e-06,4.1e-05
13.edf,train,EEG CPz,0.000186,0.000234,0.000212,6e-06,0.000212
13.edf,train,EEG CP4,0.000166,0.000215,0.000186,5e-06,0.000186
13.edf,train,EEG P5,-0.000119,7.4e-05,6e-06,7e-06,9e-06
13.edf,train,EEG P1,0.000152,0.000235,0.000206,6e-06,0.000206
13.edf,train,EEG P2,0.000185,0.00026,0.000219,6e-06,0.000219
13.edf,train,EEG P6,0.000132,0.000252,0.000177,7e-06,0.000177
13.edf,train,EEG PO5,0.00012,0.000246,0.000208,8e-06,0.000208
13.edf,train,EEG PO3,0.000134,0.000255,0.000215,8e-06,0.000215
13.edf,train,EEG PO4,0.000145,0.000227,0.000188,7e-06,0.000188
13.edf,train,EEG PO6,0.000141,0.00024,0.000189,8e-06,0.000189
13.edf,train,EEG FT7,5.2e-05,0.000301,0.000208,8e-06,0.000208
13.edf,train,EEG FT8,-1e-06,0.000296,0.000189,9e-06,0.000189
13.edf,train,EEG TP7,4.9e-05,0.000273,0.000223,1.1e-05,0.000224
13.edf,train,EEG TP8,6e-06,0.000272,0.000219,1.1e-05,0.000219
13.edf,train,EEG PO7,0.000119,0.000292,0.000207,1e-05,0.000207
13.edf,train,EEG PO8,0.000127,0.000243,0.00019,1e-05,0.00019
13.edf,train,EEG FT9,-4.4e-05,0.000179,0.000105,9e-06,0.000106
13.edf,train,EEG FT10,-0.0001,0.000282,0.000106,9e-06,0.000107
13.edf,train,EEG TPP9h,-0.00017,1.8e-05,-3.7e-05,1.1e-05,3.9e-05
13.edf,train,EEG TPP10h,0.0,0.000183,0.000106,9e-06,0.000107
13.edf,train,EEG PO9,2.6e-05,0.000202,0.000112,1e-05,0.000113
13.edf,train,EEG PO10,-0.000147,-6e-06,-6.9e-05,1e-05,7e-05
13.edf,train,EEG P9,-9e-06,0.000165,9.8e-05,1e-05,9.8e-05
13.edf,train,EEG P10,2e-06,0.000153,9.2e-05,9e-06,9.2e-05
13.edf,train,EEG AFF1,2.6e-05,0.000192,0.000106,1e-05,0.000106
13.edf,train,EEG AFz,-0.000112,5.3e-05,-5.9e-05,1.2e-05,6e-05
13.edf,train,EEG AFF2,1e-05,0.000156,7e-05,1.1e-05,7e-05
13.edf,train,EEG FFC5h,-0.000148,5.7e-05,-5.7e-05,7e-06,5.8e-05
13.edf,train,EEG FFC3h,-9.8e-05,3e-05,-5.3e-05,5e-06,5.3e-05
13.edf,train,EEG FFC4h,3.5e-05,0.000239,9.2e-05,6e-06,9.2e-05
13.edf,train,EEG FFC6h,-0.00023,0.000249,-5.9e-05,9e-06,6e-05
13.edf,train,EEG FCC5h,-7e-05,0.000155,8.9e-05,6e-06,8.9e-05
13.edf,train,EEG FCC3h,0.000148,0.00024,0.000178,5e-06,0.000178
13.edf,train,EEG FCC4h,0.000109,0.000332,0.000161,5e-06,0.000161
13.edf,train,EEG FCC6h,-0.000183,0.000327,7.1e-05,6e-06,7.1e-05
13.edf,train,EEG CCP5h,2.8e-05,0.000313,0.000168,6e-06,0.000168
13.edf,train,EEG CCP3h,0.000106,0.000222,0.000157,8e-06,0.000157
13.edf,train,EEG CCP4h,0.000146,0.000269,0.000175,5e-06,0.000175
13.edf,train,EEG CCP6h,0.000105,0.000367,0.000204,7e-06,0.000204
13.edf,train,EEG CPP5h,5.1e-05,0.000256,0.00018,7e-06,0.00018
13.edf,train,EEG CPP3h,0.000107,0.000213,0.000167,8e-06,0.000168
13.edf,train,EEG CPP4h,0.000139,0.000225,0.000172,7e-06,0.000172
13.edf,train,EEG CPP6h,7.2e-05,0.000235,0.00015,7e-06,0.00015
13.edf,train,EEG PPO1,0.000108,0.000191,0.000159,7e-06,0.000159
13.edf,train,EEG PPO2,0.000132,0.000203,0.000171,6e-06,0.000171
13.edf,train,EEG I1,0.000111,0.000366,0.000201,1.2e-05,0.000202
13.edf,train,EEG Iz,9.6e-05,0.000266,0.000179,1e-05,0.00018
13.edf,train,EEG I2,7.1e-05,0.000253,0.000151,9e-06,0.000152
13.edf,train,EEG AFp3h,-0.000209,5e-06,-0.000136,1.6e-05,0.000137
13.edf,train,EEG AFp4h,-0.000213,-1e-06,-0.000145,1.5e-05,0.000146
13.edf,train,EEG AFF5h,-0.000221,-3e-06,-0.000113,9e-06,0.000114
13.edf,train,EEG AFF6h,-0.000207,5.7e-05,-0.000107,1e-05,0.000108
13.edf,train,EEG FFT7h,-0.000335,-5.6e-05,-0.000126,7e-06,0.000126
13.edf,train,EEG FFC1h,-0.000154,-8.8e-05,-0.000128,5e-06,0.000128
13.edf,train,EEG FFC2h,-8.9e-05,-1e-05,-5.7e-05,5e-06,5.7e-05
13.edf,train,EEG FFT8h,-0.000351,1.4e-05,-0.000125,9e-06,0.000125
13.edf,train,EEG FTT9h,-0.000273,-4.3e-05,-0.000125,9e-06,0.000125
13.edf,train,EEG FTT7h,-0.000276,-6.1e-05,-0.000119,7e-06,0.000119
13.edf,train,EEG FCC1h,-0.000116,-0.000108,-0.000113,1e-06,0.000113
13.edf,train,EEG FCC2h,-0.000149,-0.000106,-0.000136,2e-06,0.000136
13.edf,train,EEG FTT8h,-0.000358,-5e-06,-0.00012,7e-06,0.000121
13.edf,train,EEG FTT10h,-0.000334,3.5e-05,-0.00013,8e-06,0.00013
13.edf,train,EEG TTP7h,-0.000428,-5.9e-05,-0.000116,7e-06,0.000116
13.edf,train,EEG CCP1h,-0.00011,-7.9e-05,-9.2e-05,2e-06,9.2e-05
13.edf,train,EEG CCP2h,0.000193,0.000233,0.000213,5e-06,0.000213
13.edf,train,EEG TTP8h,-4.1e-05,0.000328,0.000217,9e-06,0.000217
13.edf,train,EEG TPP7h,-0.00019,7.7e-05,-3.3e-05,7e-06,3.4e-05
13.edf,train,EEG CPP1h,0.000147,0.000208,0.000181,6e-06,0.000181
13.edf,train,EEG CPP2h,0.000157,0.000222,0.00019,7e-06,0.00019
13.edf,train,EEG TPP8h,6.7e-05,0.000275,0.000187,9e-06,0.000188
13.edf,train,EEG PPO9h,0.000118,0.000283,0.000211,1.1e-05,0.000211
13.edf,train,EEG PPO5h,0.000114,0.000245,0.000202,8e-06,0.000202
13.edf,train,EEG PPO6h,0.000144,0.000239,0.000186,7e-06,0.000186
13.edf,train,EEG PPO10h,0.000127,0.00027,0.000202,1e-05,0.000202
13.edf,train,EEG POO9h,9.1e-05,0.000278,0.000174,1e-05,0.000174
13.edf,train,EEG POO3h,0.000122,0.000239,0.000191,9e-06,0.000192
13.edf,train,EEG POO4h,0.000143,0.000245,0.000195,9e-06,0.000195
13.edf,train,EEG POO10h,0.000111,0.000245,0.000178,9e-06,0.000179
13.edf,train,EEG OI1h,0.000107,0.00028,0.000185,1e-05,0.000185
13.edf,train,EEG OI2h,0.000112,0.000264,0.000184,1e-05,0.000184
14.edf,train,EEG Fp1,-0.000167,0.000228,-2e-05,1.8e-05,2.7e-05
14.edf,train,EEG Fp2,-0.000174,0.00019,-3.6e-05,1.6e-05,3.9e-05
14.edf,train,EEG Fpz,-0.000164,0.000225,-2.2e-05,1.6e-05,2.7e-05
14.edf,train,EEG F7,-0.000203,0.000172,-2e-05,1.3e-05,2.3e-05
14.edf,train,EEG F3,-7.1e-05,0.000237,9e-06,9e-06,1.2e-05
14.edf,train,EEG Fz,1.8e-05,0.000119,5.8e-05,8e-06,5.9e-05
14.edf,train,EEG F4,-7.8e-05,4.7e-05,-2.3e-05,9e-06,2.4e-05
14.edf,train,EEG F8,-0.000148,0.000177,-2.5e-05,1.4e-05,2.8e-05
14.edf,train,EEG FC5,-0.000163,0.000171,-1.8e-05,1e-05,2e-05
14.edf,train,EEG FC1,-5.9e-05,4.2e-05,-3e-05,5e-06,3e-05
14.edf,train,EEG FC2,2.3e-05,8.5e-05,4.7e-05,5e-06,4.7e-05
14.edf,train,EEG FC6,-0.000152,0.000127,-3.1e-05,9e-06,3.2e-05
14.edf,train,EEG M1,-0.000148,7.2e-05,-2.1e-05,1.7e-05,2.7e-05
14.edf,train,EEG T7,-0.000266,8.5e-05,-2e-05,1.4e-05,2.5e-05
14.edf,train,EEG C3,-9.8e-05,5.8e-05,-3.2e-05,6e-06,3.3e-05
14.edf,train,EEG Cz,8e-06,1.9e-05,1.4e-05,2e-06,1.4e-05
14.edf,train,EEG C4,6.9e-05,0.000245,0.000157,6e-06,0.000157
14.edf,train,EEG T8,7e-06,0.000284,0.000166,1.5e-05,0.000167
14.edf,train,EEG M2,-0.000178,0.000103,-7e-06,1.9e-05,2e-05
14.edf,train,EEG CP5,7.6e-05,0.000234,0.000153,1e-05,0.000153
14.edf,train,EEG CP1,0.000114,0.000201,0.000164,8e-06,0.000164
14.edf,train,EEG CP2,0.000138,0.000209,0.000182,7e-06,0.000183
14.edf,train,EEG CP6,5e-05,0.000208,0.000141,1e-05,0.000141
14.edf,train,EEG P7,8e-05,0.000221,0.000159,1.3e-05,0.00016
14.edf,train,EEG P3,8.2e-05,0.000206,0.000161,1.2e-05,0.000161
14.edf,train,EEG Pz,6.8e-05,0.000201,0.000155,1.2e-05,0.000155
14.edf,train,EEG P4,6.9e-05,0.000187,0.000141,1.1e-05,0.000142
14.edf,train,EEG P8,4.5e-05,0.000266,0.000153,1.5e-05,0.000153
14.edf,train,EEG POz,4.4e-05,0.000197,0.000139,1.4e-05,0.00014
14.edf,train,EEG O1,9.7e-05,0.000227,0.000169,1.2e-05,0.000169
14.edf,train,EEG Oz,8.7e-05,0.000219,0.000159,1.2e-05,0.00016
14.edf,train,EEG O2,7.8e-05,0.000231,0.000153,1.2e-05,0.000154
14.edf,train,EOG EOGh,-0.004233,0.002658,0.000103,0.000105,0.000148
14.edf,train,EOG EOGv,-0.000416,0.000405,-0.000128,2.5e-05,0.00013
14.edf,train,EMG EMG_RH,3.9e-05,0.000328,0.000165,8e-06,0.000166
14.edf,train,EMG EMG_LH,-0.000267,-3.4e-05,-0.000134,8e-06,0.000134
14.edf,train,EMG EMG_RF,-0.000474,9.6e-05,-0.000131,1.8e-05,0.000132
14.edf,train,EEG AF7,-0.000182,0.000373,-1e-06,1.6e-05,1.6e-05
14.edf,train,EEG AF3,-6.6e-05,0.000172,8e-06,1.1e-05,1.4e-05
14.edf,train,EEG AF4,-8e-05,0.000124,-3e-06,1.1e-05,1.2e-05
14.edf,train,EEG AF8,-3.5e-05,0.000279,8.7e-05,1.7e-05,8.9e-05
14.edf,train,EEG F5,-0.000343,0.00048,-5.3e-05,1.1e-05,5.5e-05
14.edf,train,EEG F1,-7.7e-05,6.7e-05,-3.8e-05,8e-06,3.9e-05
14.edf,train,EEG F2,3.9e-05,0.000136,7.8e-05,8e-06,7.8e-05
14.edf,train,EEG F6,-0.000262,0.000195,-3.9e-05,1.2e-05,4.1e-05
14.edf,train,EEG FC3,-0.000131,0.000126,-3.8e-05,7e-06,3.8e-05
14.edf,train,EEG FCz,-4.4e-05,1.1e-05,-2.1e-05,5e-06,2.2e-05
14.edf,train,EEG FC4,-8.5e-05,0.000109,1e-06,7e-06,7e-06
14.edf,train,EEG C5,-0.000153,6.9e-05,-5.7e-05,1e-05,5.7e-05
14.edf,train,EEG C1,-7.1e-05,-1e-05,-4.1e-05,3e-06,4.1e-05
14.edf,train,EEG C2,-7.2e-05,-9e-06,-4.3e-05,3e-06,4.3e-05
14.edf,train,EEG C6,-0.000181,0.000123,-4.8e-05,9e-06,4.9e-05
14.edf,train,EEG CP3,-9.9e-05,1e-06,-4e-05,8e-06,4.1e-05
14.edf,train,EEG CPz,0.000171,0.000243,0.000214,7e-06,0.000214
14.edf,train,EEG CP4,0.000174,0.000207,0.000191,4e-06,0.000191
14.edf,train,EEG P5,-6.2e-05,6.4e-05,1.5e-05,1.1e-05,1.8e-05
14.edf,train,EEG P1,0.000136,0.000257,0.000214,1.1e-05,0.000215
14.edf,train,EEG P2,0.000147,0.000267,0.000226,1.1e-05,0.000226
14.edf,train,EEG P6,0.0001,0.000242,0.000184,1.2e-05,0.000184
14.edf,train,EEG PO5,0.000118,0.000271,0.000212,1.3e-05,0.000212
14.edf,train,EEG PO3,0.000126,0.000274,0.00022,1.3e-05,0.00022
14.edf,train,EEG PO4,0.000108,0.000244,0.000194,1.2e-05,0.000194
14.edf,train,EEG PO6,0.000101,0.00025,0.000193,1.3e-05,0.000194
14.edf,train,EEG FT7,-3.1e-05,0.000359,0.00021,1.2e-05,0.000211
14.edf,train,EEG FT8,7.5e-05,0.00033,0.000193,1.2e-05,0.000194
14.edf,train,EEG TP7,0.000139,0.000284,0.000223,1.4e-05,0.000223
14.edf,train,EEG TP8,0.000119,0.00034,0.00022,1.5e-05,0.000221
14.edf,train,EEG PO7,0.000129,0.000288,0.000213,1.3e-05,0.000214
14.edf,train,EEG PO8,0.000112,0.000258,0.000193,1.4e-05,0.000194
14.edf,train,EEG FT9,-0.000124,0.000242,0.000109,1.3e-05,0.000109
14.edf,train,EEG FT10,-1.9e-05,0.000271,0.000107,1.3e-05,0.000108
14.edf,train,EEG TPP9h,-0.000122,2.4e-05,-4.3e-05,1.3e-05,4.5e-05
14.edf,train,EEG TPP10h,-1.5e-05,0.000182,0.000108,1.4e-05,0.000109
14.edf,train,EEG PO9,7e-06,0.000184,0.000115,1.4e-05,0.000116
14.edf,train,EEG PO10,-0.000179,1.5e-05,-6.5e-05,1.4e-05,6.6e-05
14.edf,train,EEG P9,1.6e-05,0.000166,9.7e-05,1.3e-05,9.8e-05
14.edf,train,EEG P10,-2.7e-05,0.000191,9.6e-05,1.3e-05,9.7e-05
14.edf,train,EEG AFF1,5.4e-05,0.000191,0.000106,9e-06,0.000107
14.edf,train,EEG AFz,-0.000141,6.2e-05,-6.2e-05,1.1e-05,6.3e-05
14.edf,train,EEG AFF2,1.9e-05,0.000155,7.4e-05,9e-06,7.4e-05
14.edf,train,EEG FFC5h,-0.000213,0.000301,-5.8e-05,9e-06,5.9e-05
14.edf,train,EEG FFC3h,-0.000107,9.1e-05,-5.7e-05,7e-06,5.7e-05
14.edf,train,EEG FFC4h,5.7e-05,0.000154,9.7e-05,7e-06,9.7e-05
14.edf,train,EEG FFC6h,-0.000164,6.9e-05,-6e-05,9e-06,6.1e-05
14.edf,train,EEG FCC5h,-8.8e-05,0.00035,9.3e-05,8e-06,9.4e-05
14.edf,train,EEG FCC3h,0.000133,0.000272,0.000183,5e-06,0.000183
14.edf,train,EEG FCC4h,0.000108,0.000234,0.000167,5e-06,0.000167
14.edf,train,EEG FCC6h,-9.4e-05,0.000234,6.8e-05,8e-06,6.9e-05
14.edf,train,EEG CCP5h,9e-05,0.000257,0.000172,8e-06,0.000172
14.edf,train,EEG CCP3h,0.000122,0.000203,0.000163,6e-06,0.000163
14.edf,train,EEG CCP4h,0.000128,0.000223,0.00018,6e-06,0.00018
14.edf,train,EEG CCP6h,8.8e-05,0.000309,0.000203,9e-06,0.000203
14.edf,train,EEG CPP5h,0.000114,0.000229,0.000185,1e-05,0.000185
14.edf,train,EEG CPP3h,0.000104,0.00021,0.000171,9e-06,0.000171
14.edf,train,EEG CPP4h,0.000116,0.000211,0.000173,9e-06,0.000174
14.edf,train,EEG CPP6h,9.4e-05,0.000206,0.000158,1e-05,0.000159
14.edf,train,EEG PPO1,7.7e-05,0.000216,0.000166,1.3e-05,0.000166
14.edf,train,EEG PPO2,8.6e-05,0.000225,0.000175,1.2e-05,0.000176
14.edf,train,EEG I1,0.000112,0.00031,0.0002,1.3e-05,0.0002
14.edf,train,EEG Iz,9e-05,0.000297,0.000177,1.2e-05,0.000178
14.edf,train,EEG I2,8.2e-05,0.000231,0.000158,1.2e-05,0.000158
14.edf,train,EEG AFp3h,-0.000241,4.4e-05,-0.000135,1.4e-05,0.000136
14.edf,train,EEG AFp4h,-0.000251,4.7e-05,-0.000143,1.4e-05,0.000144
14.edf,train,EEG AFF5h,-0.000299,0.000271,-0.000116,1.2e-05,0.000117
14.edf,train,EEG AFF6h,-0.000205,6e-06,-0.000113,1.2e-05,0.000113
14.edf,train,EEG FFT7h,-0.000345,3.1e-05,-0.00013,1.1e-05,0.00013
14.edf,train,EEG FFC1h,-0.000161,-7.3e-05,-0.000133,6e-06,0.000133
14.edf,train,EEG FFC2h,-8.7e-05,-9e-06,-5.9e-05,6e-06,5.9e-05
14.edf,train,EEG FFT8h,-0.000282,6.7e-05,-0.000128,1.3e-05,0.000128
14.edf,train,EEG FTT9h,-0.000331,-2e-06,-0.000127,1.2e-05,0.000127
14.edf,train,EEG FTT7h,-0.000267,-4.8e-05,-0.000121,1.1e-05,0.000122
14.edf,train,EEG FCC1h,-0.000127,-8.6e-05,-0.000115,3e-06,0.000115
14.edf,train,EEG FCC2h,-0.000153,-8.6e-05,-0.000137,3e-06,0.000137
14.edf,train,EEG FTT8h,-0.000248,-2.3e-05,-0.000125,1.1e-05,0.000126
14.edf,train,EEG FTT10h,-0.000264,1e-06,-0.00013,1.3e-05,0.000131
14.edf,train,EEG TTP7h,-0.000221,-9e-06,-0.000121,1.1e-05,0.000122
14.edf,train,EEG CCP1h,-0.000118,-8e-05,-9.5e-05,4e-06,9.6e-05
14.edf,train,EEG CCP2h,0.000193,0.000232,0.000215,4e-06,0.000215
14.edf,train,EEG TTP8h,0.000113,0.000313,0.000213,1.4e-05,0.000213
14.edf,train,EEG TPP7h,-0.000111,2.6e-05,-3.6e-05,1.2e-05,3.8e-05
14.edf,train,EEG CPP1h,0.000112,0.000217,0.000178,1e-05,0.000178
14.edf,train,EEG CPP2h,0.000126,0.000228,0.000188,1e-05,0.000188
14.edf,train,EEG TPP8h,0.000108,0.000263,0.000187,1.3e-05,0.000188
14.edf,train,EEG PPO9h,0.000102,0.000274,0.000207,1.5e-05,0.000207
14.edf,train,EEG PPO5h,0.000118,0.000257,0.000207,1.2e-05,0.000207
14.edf,train,EEG PPO6h,0.000107,0.000242,0.000191,1.2e-05,0.000191
14.edf,train,EEG PPO10h,5.4e-05,0.000277,0.000204,1.5e-05,0.000204
14.edf,train,EEG POO9h,0.00011,0.000243,0.00018,1.2e-05,0.00018
14.edf,train,EEG POO3h,0.000102,0.000441,0.000186,1.4e-05,0.000186
14.edf,train,EEG POO4h,0.000112,0.000256,0.000195,1.3e-05,0.000196
14.edf,train,EEG POO10h,0.000106,0.000257,0.000179,1.2e-05,0.00018
14.edf,train,EEG OI1h,9.9e-05,0.000257,0.000185,1.2e-05,0.000185
14.edf,train,EEG OI2h,0.000122,0.000287,0.000199,1.2e-05,0.0002
1.edf,test,EEG Fp1,-0.000502,0.000643,-1.6e-05,3.6e-05,3.9e-05
1.edf,test,EEG Fp2,-0.000374,0.000301,-2.5e-05,3e-05,3.9e-05
1.edf,test,EEG Fpz,-0.000513,0.000334,-2.2e-05,3.6e-05,4.2e-05
1.edf,test,EEG F7,-0.000568,0.00047,-1.6e-05,2e-05,2.6e-05
1.edf,test,EEG F3,-0.000272,0.000383,1.1e-05,1.4e-05,1.8e-05
1.edf,test,EEG Fz,-8e-06,0.000155,5.5e-05,1.2e-05,5.6e-05
1.edf,test,EEG F4,-0.000237,0.000263,-2e-05,1.2e-05,2.3e-05
1.edf,test,EEG F8,-0.000314,0.000208,-2.4e-05,1.8e-05,3e-05
1.edf,test,EEG FC5,-0.000494,0.00038,-1.3e-05,1.5e-05,1.9e-05
1.edf,test,EEG FC1,-0.000124,4.6e-05,-3e-05,7e-06,3e-05
1.edf,test,EEG FC2,-1.1e-05,0.000146,4.6e-05,7e-06,4.6e-05
1.edf,test,EEG FC6,-0.000224,0.000275,-2.9e-05,1.1e-05,3.1e-05
1.edf,test,EEG M1,-0.00028,0.000193,-2.7e-05,1.7e-05,3.2e-05
1.edf,test,EEG T7,-0.000609,0.000295,-2e-05,1.4e-05,2.5e-05
1.edf,test,EEG C3,-0.000251,0.000293,-3.3e-05,8e-06,3.4e-05
1.edf,test,EEG Cz,-0.0,2.2e-05,1.6e-05,3e-06,1.6e-05
1.edf,test,EEG C4,-0.0,0.000266,0.000156,9e-06,0.000157
1.edf,test,EEG T8,-3.9e-05,0.000413,0.000165,1.4e-05,0.000166
1.edf,test,EEG M2,-0.000614,0.000348,-8e-06,1.6e-05,1.8e-05
1.edf,test,EEG CP5,-0.000227,0.00061,0.000152,1.3e-05,0.000153
1.edf,test,EEG CP1,-0.0,0.000225,0.000161,1.3e-05,0.000161
1.edf,test,EEG CP2,-0.0,0.000222,0.00018,1e-05,0.00018
1.edf,test,EEG CP6,-0.0,0.00041,0.00014,1.1e-05,0.00014
1.edf,test,EEG P7,-0.000336,0.00081,0.00016,1.5e-05,0.000161
1.edf,test,EEG P3,-0.0,0.000278,0.000161,1.3e-05,0.000162
1.edf,test,EEG Pz,-0.0,0.0002,0.00015,1.2e-05,0.000151
1.edf,test,EEG P4,-0.0,0.000243,0.000141,1.2e-05,0.000142
1.edf,test,EEG P8,-0.000185,0.000799,0.000153,1.6e-05,0.000154
1.edf,test,EEG POz,-0.0,0.000226,0.000137,1.3e-05,0.000137
1.edf,test,EEG O1,-0.0,0.000294,0.000164,1.7e-05,0.000164
1.edf,test,EEG Oz,-0.0,0.000352,0.000161,1.4e-05,0.000162
1.edf,test,EEG O2,-7e-06,0.000459,0.000153,1.6e-05,0.000154
1.edf,test,EOG EOGh,-0.002967,0.002748,9.1e-05,0.000302,0.000315
1.edf,test,EOG EOGv,-0.000719,0.000628,-0.000125,0.000107,0.000165
1.edf,test,EMG EMG_RH,-0.001582,0.001685,0.000168,0.000122,0.000207
1.edf,test,EMG EMG_LH,-0.005864,0.003027,-0.000137,0.000187,0.000232
1.edf,test,EMG EMG_RF,-0.0015,0.000543,-0.000127,7.9e-05,0.00015
1.edf,test,EEG AF7,-0.00065,0.000452,1e-06,3.6e-05,3.6e-05
1.edf,test,EEG AF3,-0.000835,0.000516,1.4e-05,2.2e-05,2.6e-05
1.edf,test,EEG AF4,-0.000375,0.000258,-3e-06,2.2e-05,2.2e-05
1.edf,test,EEG AF8,-0.000206,0.000405,8.7e-05,3.3e-05,9.3e-05
1.edf,test,EEG F5,-0.000639,0.000287,-5.1e-05,2.1e-05,5.5e-05
1.edf,test,EEG F1,-0.000108,8.2e-05,-3.8e-05,1.1e-05,4e-05
1.edf,test,EEG F2,-2.4e-05,0.000212,8.3e-05,1.2e-05,8.4e-05
1.edf,test,EEG F6,-0.000465,0.00021,-3.7e-05,1.6e-05,4e-05
1.edf,test,EEG FC3,-0.000206,0.000259,-3.7e-05,1e-05,3.9e-05
1.edf,test,EEG FCz,-5.7e-05,1.6e-05,-2.3e-05,6e-06,2.3e-05
1.edf,test,EEG FC4,-0.000106,0.000282,3e-06,1e-05,1e-05
1.edf,test,EEG C5,-0.000405,0.000298,-5.6e-05,1.1e-05,5.7e-05
1.edf,test,EEG C1,-0.0001,4.6e-05,-4.2e-05,4e-06,4.2e-05
1.edf,test,EEG C2,-8.6e-05,-0.0,-4.5e-05,4e-06,4.5e-05
1.edf,test,EEG C6,-0.000259,0.000318,-4.8e-05,9e-06,4.9e-05
1.edf,test,EEG CP3,-0.000204,0.000122,-4e-05,8e-06,4.1e-05
1.edf,test,EEG CPz,-0.0,0.00024,0.000212,1.1e-05,0.000212
1.edf,test,EEG CP4,-0.0,0.00029,0.000192,1.1e-05,0.000192
1.edf,test,EEG P5,-0.000192,0.000224,1.3e-05,1e-05,1.7e-05
1.edf,test,EEG P1,-0.0,0.000268,0.000217,1e-05,0.000217
1.edf,test,EEG P2,-0.0,0.000284,0.000226,1.1e-05,0.000226
1.edf,test,EEG P6,-0.0,0.000395,0.000189,1.2e-05,0.00019
1.edf,test,EEG PO5,-0.0,0.000331,0.000213,1.5e-05,0.000213
1.edf,test,EEG PO3,-0.0,0.000289,0.000221,1.3e-05,0.000221
1.edf,test,EEG PO4,-0.0,0.000327,0.000194,1.3e-05,0.000195
1.edf,test,EEG PO6,-0.0,0.000377,0.000198,1.5e-05,0.000198
1.edf,test,EEG FT7,-0.000531,0.000612,0.000214,1.9e-05,0.000215
1.edf,test,EEG FT8,-5e-06,0.000343,0.000195,1.5e-05,0.000196
1.edf,test,EEG TP7,-0.000228,0.000846,0.000224,1.6e-05,0.000225
1.edf,test,EEG TP8,-8.4e-05,0.000889,0.000223,1.6e-05,0.000224
1.edf,test,EEG PO7,-0.0,0.000401,0.000216,1.5e-05,0.000217
1.edf,test,EEG PO8,-0.0,0.000463,0.000195,1.7e-05,0.000195
1.edf,test,EEG FT9,-0.000293,0.000491,0.000108,1.6e-05,0.000109
1.edf,test,EEG FT10,-7.6e-05,0.000298,0.00011,1.7e-05,0.000111
1.edf,test,EEG TPP9h,-0.001073,0.000222,-4.5e-05,1.7e-05,4.9e-05
1.edf,test,EEG TPP10h,-0.000697,0.000321,0.000108,1.5e-05,0.00011
1.edf,test,EEG PO9,-0.000509,0.000442,0.000116,1.7e-05,0.000118
1.edf,test,EEG PO10,-0.000365,0.000348,-5.8e-05,1.5e-05,6e-05
1.edf,test,EEG P9,-0.000496,0.000483,9e-05,1.7e-05,9.2e-05
1.edf,test,EEG P10,-0.000722,0.000436,9.8e-05,1.7e-05,9.9e-05
1.edf,test,EEG AFF1,-2.3e-05,0.000242,0.000108,1.6e-05,0.000109
1.edf,test,EEG AFz,-0.000212,0.000119,-5.4e-05,2e-05,5.7e-05
1.edf,test,EEG AFF2,-0.000102,0.000225,7.8e-05,1.5e-05,8e-05
1.edf,test,EEG FFC5h,-0.001209,0.000716,-5.4e-05,2.1e-05,5.8e-05
1.edf,test,EEG FFC3h,-0.000189,0.00017,-5.2e-05,1e-05,5.3e-05
1.edf,test,EEG FFC4h,-3.6e-05,0.000363,9.8e-05,9e-06,9.9e-05
1.edf,test,EEG FFC6h,-0.000337,0.000403,-5.6e-05,1.1e-05,5.7e-05
1.edf,test,EEG FCC5h,-0.000336,0.0007,9.8e-05,1.4e-05,9.9e-05
1.edf,test,EEG FCC3h,-0.0,0.000355,0.000185,1.1e-05,0.000185
1.edf,test,EEG FCC4h,-0.0,0.000287,0.000173,7e-06,0.000173
1.edf,test,EEG FCC6h,-9e-05,0.000319,7.5e-05,9e-06,7.5e-05
1.edf,test,EEG CCP5h,-0.000149,0.000587,0.000175,1.2e-05,0.000175
1.edf,test,EEG CCP3h,-0.0,0.000324,0.000163,9e-06,0.000163
1.edf,test,EEG CCP4h,-0.0,0.000251,0.000184,8e-06,0.000184
1.edf,test,EEG CCP6h,-0.0,0.000383,0.000207,1.1e-05,0.000207
1.edf,test,EEG CPP5h,-0.0,0.000376,0.000188,1.1e-05,0.000189
1.edf,test,EEG CPP3h,-0.0,0.000277,0.000175,1e-05,0.000176
1.edf,test,EEG CPP4h,-0.0,0.00025,0.000176,1.2e-05,0.000176
1.edf,test,EEG CPP6h,-0.0,0.000307,0.000152,1.2e-05,0.000152
1.edf,test,EEG PPO1,-0.0,0.000223,0.000167,1.4e-05,0.000167
1.edf,test,EEG PPO2,-0.0,0.000255,0.000181,1.1e-05,0.000181
1.edf,test,EEG I1,-0.000226,0.000576,0.000198,1.9e-05,0.000199
1.edf,test,EEG Iz,-8.1e-05,0.000509,0.00018,1.7e-05,0.000181
1.edf,test,EEG I2,-0.000377,0.001019,0.000165,1.6e-05,0.000166
1.edf,test,EEG AFp3h,-0.000431,0.000105,-0.000125,2.6e-05,0.000128
1.edf,test,EEG AFp4h,-0.000422,9.3e-05,-0.000135,2.8e-05,0.000138
1.edf,test,EEG AFF5h,-0.000692,0.000325,-0.000113,2.4e-05,0.000115
1.edf,test,EEG AFF6h,-0.000505,0.000141,-0.000108,2.1e-05,0.00011
1.edf,test,EEG FFT7h,-0.000802,0.000318,-0.000123,1.8e-05,0.000124
1.edf,test,EEG FFC1h,-0.000176,-0.0,-0.000128,1e-05,0.000129
1.edf,test,EEG FFC2h,-9.8e-05,2.5e-05,-5.3e-05,9e-06,5.4e-05
1.edf,test,EEG FFT8h,-0.000436,0.0001,-0.000125,1.4e-05,0.000126
1.edf,test,EEG FTT9h,-0.000558,0.000312,-0.00012,1.5e-05,0.000121
1.edf,test,EEG FTT7h,-0.000849,0.000151,-0.000114,1.6e-05,0.000115
1.edf,test,EEG FCC1h,-0.000144,-0.0,-0.000112,5e-06,0.000112
1.edf,test,EEG FCC2h,-0.000161,-0.0,-0.00013,5e-06,0.00013
1.edf,test,EEG FTT8h,-0.000384,1.8e-05,-0.000121,1.4e-05,0.000121
1.edf,test,EEG FTT10h,-0.000331,5e-05,-0.000126,1.6e-05,0.000127
1.edf,test,EEG TTP7h,-0.000658,0.000204,-0.000114,1.4e-05,0.000115
1.edf,test,EEG CCP1h,-0.000117,-0.0,-8.8e-05,4e-06,8.8e-05
1.edf,test,EEG CCP2h,-0.0,0.000243,0.000219,9e-06,0.000219
1.edf,test,EEG TTP8h,-0.0,0.000247,0.00022,1e-05,0.00022
1.edf,test,EEG TPP7h,-0.000367,0.000374,-2.9e-05,1.2e-05,3.1e-05
1.edf,test,EEG CPP1h,-0.0,0.000226,0.000182,1.2e-05,0.000182
1.edf,test,EEG CPP2h,-0.0,0.000236,0.000192,1.2e-05,0.000192
1.edf,test,EEG TPP8h,-3e-05,0.000611,0.00019,1.4e-05,0.00019
1.edf,test,EEG PPO9h,-0.000691,0.000463,0.000207,1.8e-05,0.000208
1.edf,test,EEG PPO5h,-0.0,0.000356,0.000211,1.2e-05,0.000212
1.edf,test,EEG PPO6h,-0.0,0.000315,0.000197,1.2e-05,0.000197
1.edf,test,EEG PPO10h,-9e-06,0.000445,0.000205,1.7e-05,0.000205
1.edf,test,EEG POO9h,-0.0,0.000395,0.000185,1.6e-05,0.000186
1.edf,test,EEG POO3h,-0.0,0.000305,0.000189,1.7e-05,0.00019
1.edf,test,EEG POO4h,-0.0,0.000374,0.000202,1.5e-05,0.000202
1.edf,test,EEG POO10h,-0.0001,0.000661,0.000186,1.6e-05,0.000187
1.edf,test,EEG OI1h,-0.0,0.000416,0.000189,1.6e-05,0.00019
1.edf,test,EEG OI2h,-2.9e-05,0.000552,0.000192,1.6e-05,0.000193
2.edf,test,EEG Fp1,-9.6e-05,0.000198,-8e-06,2.2e-05,2.3e-05
2.edf,test,EEG Fp2,-0.000103,0.000162,-2.7e-05,2e-05,3.4e-05
2.edf,test,EEG Fpz,-9.7e-05,0.000197,-7e-06,2.2e-05,2.3e-05
2.edf,test,EEG F7,-0.000766,0.000244,-1.8e-05,1.3e-05,2.3e-05
2.edf,test,EEG F3,-7.4e-05,0.000222,1.6e-05,8e-06,1.8e-05
2.edf,test,EEG Fz,-0.0,0.000123,6.9e-05,7e-06,6.9e-05
2.edf,test,EEG F4,-5.5e-05,4.8e-05,-1.5e-05,8e-06,1.7e-05
2.edf,test,EEG F8,-0.000174,7e-05,-2.4e-05,9e-06,2.5e-05
2.edf,test,EEG FC5,-0.000329,0.000154,-6e-06,8e-06,1e-05
2.edf,test,EEG FC1,-9.6e-05,5.8e-05,-2.6e-05,5e-06,2.7e-05
2.edf,test,EEG FC2,-0.0,0.000103,5.8e-05,4e-06,5.8e-05
2.edf,test,EEG FC6,-0.000101,3.2e-05,-2.8e-05,7e-06,2.9e-05
2.edf,test,EEG M1,-0.000137,0.000118,-2.3e-05,1.7e-05,2.9e-05
2.edf,test,EEG T7,-0.000238,0.000107,-7e-06,1e-05,1.2e-05
2.edf,test,EEG C3,-0.000109,8.4e-05,-2.5e-05,5e-06,2.5e-05
2.edf,test,EEG Cz,-0.0,3.3e-05,3e-05,1e-06,3e-05
2.edf,test,EEG C4,-0.0,0.000194,0.000166,6e-06,0.000166
2.edf,test,EEG T8,-0.0,0.00023,0.000176,1e-05,0.000177
2.edf,test,EEG M2,-0.000115,8.3e-05,1e-06,1.2e-05,1.2e-05
2.edf,test,EEG CP5,-0.0,0.000223,0.000165,8e-06,0.000165
2.edf,test,EEG CP1,-0.0,0.000213,0.000187,6e-06,0.000188
2.edf,test,EEG CP2,-0.0,0.000224,0.00019,6e-06,0.00019
2.edf,test,EEG CP6,-0.0,0.000213,0.000152,8e-06,0.000152
2.edf,test,EEG P7,-0.0,0.000244,0.000176,1.2e-05,0.000176
2.edf,test,EEG P3,-0.0,0.000219,0.000179,9e-06,0.000179
2.edf,test,EEG Pz,-0.0,0.0002,0.000167,7e-06,0.000168
2.edf,test,EEG P4,-0.0,0.000199,0.000152,8e-06,0.000152
2.edf,test,EEG P8,-0.0,0.000319,0.000171,1.3e-05,0.000172
2.edf,test,EEG POz,-0.0,0.000211,0.000147,1.1e-05,0.000147
2.edf,test,EEG O1,-0.0,0.000256,0.000195,1.2e-05,0.000196
2.edf,test,EEG Oz,-0.0,0.000233,0.000172,1.1e-05,0.000172
2.edf,test,EEG O2,-0.0,0.000241,0.000176,1.2e-05,0.000176
2.edf,test,EOG EOGh,-0.001267,0.001266,0.000197,8.3e-05,0.000214
2.edf,test,EOG EOGv,-0.000335,0.00048,-0.000117,5.9e-05,0.000131
2.edf,test,EMG EMG_RH,-0.000505,0.000508,0.000183,1.4e-05,0.000183
2.edf,test,EMG EMG_LH,-0.0019,0.000552,-0.000128,1.7e-05,0.000129
2.edf,test,EMG EMG_RF,-0.000528,0.000119,-0.000121,4e-05,0.000127
2.edf,test,EEG AF7,-0.00012,0.000171,6e-06,1.9e-05,2e-05
2.edf,test,EEG AF3,-3.3e-05,0.000115,1.3e-05,1.2e-05,1.8e-05
2.edf,test,EEG AF4,-4.4e-05,0.000101,3e-06,1.2e-05,1.2e-05
2.edf,test,EEG AF8,-0.0,0.000259,0.000113,1.6e-05,0.000114
2.edf,test,EEG F5,-0.000266,0.000428,-5.1e-05,1.3e-05,5.3e-05
2.edf,test,EEG F1,-7.3e-05,5.9e-05,-3.4e-05,7e-06,3.4e-05
2.edf,test,EEG F2,-0.0,0.000146,9.3e-05,8e-06,9.3e-05
2.edf,test,EEG F6,-0.000135,0.000128,-3.7e-05,9e-06,3.8e-05
2.edf,test,EEG FC3,-0.000157,0.000178,-3.3e-05,6e-06,3.3e-05
2.edf,test,EEG FCz,-4e-05,1e-05,-1.7e-05,5e-06,1.8e-05
2.edf,test,EEG FC4,-1.6e-05,7.9e-05,2.2e-05,5e-06,2.3e-05
2.edf,test,EEG C5,-0.000251,-0.0,-6e-05,7e-06,6e-05
2.edf,test,EEG C1,-6.8e-05,0.000119,-4.1e-05,7e-06,4.2e-05
2.edf,test,EEG C2,-5.5e-05,-0.0,-4e-05,3e-06,4e-05
2.edf,test,EEG C6,-9.8e-05,-0.0,-4.4e-05,7e-06,4.5e-05
2.edf,test,EEG CP3,-7.2e-05,1.6e-05,-2.7e-05,6e-06,2.8e-05
2.edf,test,EEG CPz,-0.0,0.000242,0.000223,6e-06,0.000223
2.edf,test,EEG CP4,-0.0,0.000216,0.000202,5e-06,0.000202
2.edf,test,EEG P5,-5.5e-05,7.6e-05,1.9e-05,9e-06,2.2e-05
2.edf,test,EEG P1,-0.0,0.000265,0.000223,9e-06,0.000223
2.edf,test,EEG P2,-0.0,0.000381,0.000235,1e-05,0.000236
2.edf,test,EEG P6,-0.0,0.000267,0.000189,1.1e-05,0.00019
2.edf,test,EEG PO5,-0.0,0.000292,0.000229,1.2e-05,0.00023
2.edf,test,EEG PO3,-0.0,0.00029,0.000238,1.1e-05,0.000238
2.edf,test,EEG PO4,-0.0,0.000249,0.000201,1e-05,0.000201
2.edf,test,EEG PO6,-0.0,0.00027,0.000207,1.1e-05,0.000207
2.edf,test,EEG FT7,-8e-06,0.000349,0.000228,1e-05,0.000228
2.edf,test,EEG FT8,-0.0,0.000251,0.000206,9e-06,0.000207
2.edf,test,EEG TP7,-0.0,0.000306,0.000242,1.1e-05,0.000243
2.edf,test,EEG TP8,-0.0,0.000336,0.00024,1.1e-05,0.000241
2.edf,test,EEG PO7,-0.0,0.000304,0.000226,1.4e-05,0.000227
2.edf,test,EEG PO8,-0.0,0.000284,0.000216,1.4e-05,0.000216
2.edf,test,EEG FT9,-4.6e-05,0.000236,0.000115,1.2e-05,0.000116
2.edf,test,EEG FT10,-0.0,0.000264,0.000122,1.6e-05,0.000123
2.edf,test,EEG TPP9h,-0.000207,5.7e-05,-2.9e-05,1.2e-05,3.1e-05
2.edf,test,EEG TPP10h,-0.0,0.000177,0.000119,1.2e-05,0.00012
2.edf,test,EEG PO9,-0.0,0.000211,0.000133,1.4e-05,0.000134
2.edf,test,EEG PO10,-0.000169,4e-06,-6.8e-05,1.3e-05,6.9e-05
2.edf,test,EEG P9,-0.0,0.000184,0.000116,1.2e-05,0.000117
2.edf,test,EEG P10,-0.0,0.00017,0.000112,1.2e-05,0.000113
2.edf,test,EEG AFF1,-0.0,0.000192,0.000118,9e-06,0.000119
2.edf,test,EEG AFz,-9.3e-05,6.4e-05,-3.9e-05,1.2e-05,4.1e-05
2.edf,test,EEG AFF2,-0.0,0.000155,8.5e-05,9e-06,8.6e-05
2.edf,test,EEG FFC5h,-0.000287,0.000395,-4.6e-05,8e-06,4.7e-05
2.edf,test,EEG FFC3h,-0.000106,0.000119,-4.1e-05,6e-06,4.2e-05
2.edf,test,EEG FFC4h,-0.0,0.000132,8.3e-05,6e-06,8.3e-05
2.edf,test,EEG FFC6h,-0.000152,0.0001,-5.2e-05,7e-06,5.2e-05
2.edf,test,EEG FCC5h,-0.000155,0.000319,0.000101,6e-06,0.000101
2.edf,test,EEG FCC3h,-0.0,0.000303,0.000199,6e-06,0.000199
2.edf,test,EEG FCC4h,-0.0,0.000193,0.000163,5e-06,0.000163
2.edf,test,EEG FCC6h,-0.0,0.00013,8.6e-05,6e-06,8.6e-05
2.edf,test,EEG CCP5h,-0.0,0.00027,0.000183,7e-06,0.000183
2.edf,test,EEG CCP3h,-0.0,0.000217,0.000172,6e-06,0.000172
2.edf,test,EEG CCP4h,-0.0,0.000214,0.000189,5e-06,0.000189
2.edf,test,EEG CCP6h,-0.0,0.000263,0.00022,7e-06,0.00022
2.edf,test,EEG CPP5h,-0.0,0.000239,0.000195,9e-06,0.000195
2.edf,test,EEG CPP3h,-0.0,0.000215,0.000184,7e-06,0.000184
2.edf,test,EEG CPP4h,-0.0,0.00026,0.000201,7e-06,0.000201
2.edf,test,EEG CPP6h,-0.0,0.000211,0.000162,9e-06,0.000162
2.edf,test,EEG PPO1,-0.0,0.000215,0.000173,9e-06,0.000173
2.edf,test,EEG PPO2,-0.0,0.000231,0.000192,8e-06,0.000192
2.edf,test,EEG I1,-0.0,0.000299,0.000217,1.2e-05,0.000217
2.edf,test,EEG Iz,-0.0,0.000271,0.000198,1.1e-05,0.000198
2.edf,test,EEG I2,-0.0,0.000241,0.000164,1.1e-05,0.000164
2.edf,test,EEG AFp3h,-0.000185,1.6e-05,-0.000126,1.6e-05,0.000127
2.edf,test,EEG AFp4h,-0.000208,-0.0,-0.000149,1.6e-05,0.00015
2.edf,test,EEG AFF5h,-0.000205,9.9e-05,-0.000107,1.2e-05,0.000108
2.edf,test,EEG AFF6h,-0.000146,-0.0,-9.8e-05,1.1e-05,9.8e-05
2.edf,test,EEG FFT7h,-0.000653,0.00013,-0.000115,9e-06,0.000115
2.edf,test,EEG FFC1h,-0.00015,-0.0,-0.000116,6e-06,0.000116
2.edf,test,EEG FFC2h,-8.1e-05,5e-06,-4.9e-05,6e-06,4.9e-05
2.edf,test,EEG FFT8h,-0.000268,-0.0,-0.000126,8e-06,0.000126
2.edf,test,EEG FTT9h,-0.000269,-0.0,-0.00011,1e-05,0.00011
2.edf,test,EEG FTT7h,-0.000556,3.2e-05,-0.000123,9e-06,0.000123
2.edf,test,EEG FCC1h,-0.000124,-0.0,-0.00011,4e-06,0.00011
2.edf,test,EEG FCC2h,-0.000145,-0.0,-0.000131,4e-06,0.000131
2.edf,test,EEG FTT8h,-0.000197,-0.0,-0.00011,8e-06,0.00011
2.edf,test,EEG FTT10h,-0.000258,-0.0,-0.000129,1e-05,0.000129
2.edf,test,EEG TTP7h,-0.000208,-0.0,-0.000105,9e-06,0.000105
2.edf,test,EEG CCP1h,-0.000103,-0.0,-8.8e-05,3e-06,8.8e-05
2.edf,test,EEG CCP2h,-0.0,0.000251,0.000237,5e-06,0.000237
2.edf,test,EEG TTP8h,-0.0,0.000304,0.00024,9e-06,0.00024
2.edf,test,EEG TPP7h,-0.000102,9.1e-05,-1.6e-05,9e-06,1.8e-05
2.edf,test,EEG CPP1h,-0.0,0.000247,0.000205,8e-06,0.000205
2.edf,test,EEG CPP2h,-0.0,0.000322,0.000217,9e-06,0.000217
2.edf,test,EEG TPP8h,-0.0,0.000314,0.000206,1.1e-05,0.000206
2.edf,test,EEG PPO9h,-0.0,0.000301,0.000228,1.5e-05,0.000228
2.edf,test,EEG PPO5h,-0.0,0.000269,0.00022,1e-05,0.00022
2.edf,test,EEG PPO6h,-0.0,0.000265,0.000202,1.1e-05,0.000202
2.edf,test,EEG PPO10h,-0.0,0.000291,0.000224,1.3e-05,0.000224
2.edf,test,EEG POO9h,-0.0,0.000251,0.000192,1.2e-05,0.000193
2.edf,test,EEG POO3h,-0.0,0.000269,0.00021,1.2e-05,0.00021
2.edf,test,EEG POO4h,-0.0,0.00028,0.000221,1.2e-05,0.000221
2.edf,test,EEG POO10h,-0.0,0.000283,0.000204,1.2e-05,0.000204
2.edf,test,EEG OI1h,-0.0,0.000264,0.000205,1.2e-05,0.000205
2.edf,test,EEG OI2h,-0.0,0.000269,0.000207,1.1e-05,0.000207
3.edf,test,EEG Fp1,-0.000144,0.000301,-1.5e-05,3.3e-05,3.6e-05
3.edf,test,EEG Fp2,-0.000153,0.000248,-3.7e-05,3e-05,4.7e-05
3.edf,test,EEG Fpz,-0.000126,0.000302,-1.4e-05,3.1e-05,3.4e-05
3.edf,test,EEG F7,-9.7e-05,0.000115,-2.2e-05,1.5e-05,2.6e-05
3.edf,test,EEG F3,-4.2e-05,0.000121,1e-05,1.3e-05,1.6e-05
3.edf,test,EEG Fz,1.2e-05,0.000156,5.7e-05,1.1e-05,5.8e-05
3.edf,test,EEG F4,-6.7e-05,8.7e-05,-2.2e-05,1.1e-05,2.4e-05
3.edf,test,EEG F8,-9.4e-05,9.6e-05,-2.9e-05,1.2e-05,3.1e-05
3.edf,test,EEG FC5,-7.8e-05,4.6e-05,-1e-05,9e-06,1.3e-05
3.edf,test,EEG FC1,-5.3e-05,1.3e-05,-3e-05,6e-06,3e-05
3.edf,test,EEG FC2,2.9e-05,9.8e-05,5.1e-05,5e-06,5.1e-05
3.edf,test,EEG FC6,-7.1e-05,3.2e-05,-3.3e-05,8e-06,3.4e-05
3.edf,test,EEG M1,-0.000152,5.7e-05,-2.4e-05,1.6e-05,2.9e-05
3.edf,test,EEG T7,-0.000127,8.3e-05,-1.4e-05,1.7e-05,2.2e-05
3.edf,test,EEG C3,-6.4e-05,3e-06,-3e-05,6e-06,3.1e-05
3.edf,test,EEG Cz,2e-05,2.7e-05,2.3e-05,1e-06,2.3e-05
3.edf,test,EEG C4,0.000129,0.00018,0.000155,5e-06,0.000155
3.edf,test,EEG T8,9.4e-05,0.000227,0.000172,1.2e-05,0.000172
3.edf,test,EEG M2,-0.000166,0.000145,-3e-06,1.6e-05,1.6e-05
3.edf,test,EEG CP5,9.7e-05,0.000197,0.000153,1e-05,0.000153
3.edf,test,EEG CP1,0.000141,0.000199,0.000174,6e-06,0.000174
3.edf,test,EEG CP2,0.000152,0.000208,0.000186,6e-06,0.000186
3.edf,test,EEG CP6,0.000101,0.000187,0.000146,8e-06,0.000146
3.edf,test,EEG P7,6.3e-05,0.000275,0.000164,1.4e-05,0.000164
3.edf,test,EEG P3,0.00011,0.00021,0.000168,1e-05,0.000168
3.edf,test,EEG Pz,0.000111,0.000188,0.000157,8e-06,0.000157
3.edf,test,EEG P4,8.9e-05,0.00018,0.000142,9e-06,0.000142
3.edf,test,EEG P8,7.7e-05,0.000241,0.000159,1.2e-05,0.000159
3.edf,test,EEG POz,8.2e-05,0.000186,0.000142,1e-05,0.000142
3.edf,test,EEG O1,0.000102,0.000242,0.000184,1.3e-05,0.000185
3.edf,test,EEG Oz,8.5e-05,0.000219,0.000161,1.2e-05,0.000162
3.edf,test,EEG O2,8.6e-05,0.000214,0.000162,1.2e-05,0.000162
3.edf,test,EOG EOGh,-0.001906,0.006,0.000177,0.00057,0.000597
3.edf,test,EOG EOGv,-0.000247,0.000215,-0.000121,1.7e-05,0.000122
3.edf,test,EMG EMG_RH,-0.000372,0.000764,0.000179,2.6e-05,0.000181
3.edf,test,EMG EMG_LH,-0.000265,7.2e-05,-0.000132,1.2e-05,0.000133
3.edf,test,EMG EMG_RF,-0.000261,0.000172,-0.000122,1.9e-05,0.000124
3.edf,test,EEG AF7,-0.000121,0.000317,-0.0,3.2e-05,3.2e-05
3.edf,test,EEG AF3,-7.4e-05,0.000186,0.0,1.9e-05,1.9e-05
3.edf,test,EEG AF4,-8e-05,0.000168,-3e-06,1.7e-05,1.7e-05
3.edf,test,EEG AF8,1.3e-05,0.000349,9.7e-05,2.2e-05,0.0001
3.edf,test,EEG F5,-0.000113,8.1e-05,-5.5e-05,1.5e-05,5.7e-05
3.edf,test,EEG F1,-8.5e-05,6e-05,-3.9e-05,1.1e-05,4e-05
3.edf,test,EEG F2,4.4e-05,0.000177,8.2e-05,9e-06,8.3e-05
3.edf,test,EEG F6,-9.7e-05,8.1e-05,-4.2e-05,1.1e-05,4.3e-05
3.edf,test,EEG FC3,-7.5e-05,1e-05,-3.9e-05,7e-06,3.9e-05
3.edf,test,EEG FCz,-4.7e-05,2.7e-05,-2.1e-05,6e-06,2.1e-05
3.edf,test,EEG FC4,-1.9e-05,6.3e-05,9e-06,6e-06,1.1e-05
3.edf,test,EEG C5,-0.000112,-1.2e-05,-6.4e-05,9e-06,6.5e-05
3.edf,test,EEG C1,-5.9e-05,-3.3e-05,-4.5e-05,3e-06,4.5e-05
3.edf,test,EEG C2,-6.3e-05,-3.7e-05,-5e-05,3e-06,5e-05
3.edf,test,EEG C6,-8.8e-05,-1.1e-05,-5e-05,7e-06,5e-05
3.edf,test,EEG CP3,-7.8e-05,-1e-06,-3.6e-05,7e-06,3.7e-05
3.edf,test,EEG CPz,0.000191,0.000241,0.00022,5e-06,0.00022
3.edf,test,EEG CP4,0.000178,0.00021,0.000195,3e-06,0.000195
3.edf,test,EEG P5,-5.4e-05,6e-05,1e-05,1.1e-05,1.5e-05
3.edf,test,EEG P1,0.000166,0.000251,0.000215,9e-06,0.000215
3.edf,test,EEG P2,0.000183,0.000257,0.000227,8e-06,0.000227
3.edf,test,EEG P6,0.000117,0.000226,0.00018,1e-05,0.000181
3.edf,test,EEG PO5,0.000142,0.000271,0.000216,1.2e-05,0.000216
3.edf,test,EEG PO3,0.000156,0.00027,0.000222,1.1e-05,0.000222
3.edf,test,EEG PO4,0.000129,0.000235,0.000193,1e-05,0.000193
3.edf,test,EEG PO6,0.000128,0.000244,0.000197,1.1e-05,0.000197
3.edf,test,EEG FT7,0.000147,0.000279,0.000215,1.1e-05,0.000216
3.edf,test,EEG FT8,0.000137,0.000264,0.000196,1e-05,0.000196
3.edf,test,EEG TP7,4.8e-05,0.00031,0.000233,1.8e-05,0.000233
3.edf,test,EEG TP8,0.000166,0.00029,0.000232,1.2e-05,0.000232
3.edf,test,EEG PO7,0.000129,0.000309,0.000212,1.3e-05,0.000213
3.edf,test,EEG PO8,0.000124,0.000253,0.000202,1.2e-05,0.000203
3.edf,test,EEG FT9,-1.2e-05,0.000181,0.000109,1.4e-05,0.00011
3.edf,test,EEG FT10,5.1e-05,0.00018,0.000111,1.3e-05,0.000112
3.edf,test,EEG TPP9h,-0.000166,8.5e-05,-3.3e-05,1.7e-05,3.7e-05
3.edf,test,EEG TPP10h,2.7e-05,0.000168,0.00011,1.3e-05,0.000111
3.edf,test,EEG PO9,-7.4e-05,0.0002,0.00012,1.5e-05,0.000121
3.edf,test,EEG PO10,-0.000181,-1.2e-05,-7.5e-05,1.3e-05,7.7e-05
3.edf,test,EEG P9,-0.000112,0.000207,0.000109,1.6e-05,0.00011
3.edf,test,EEG P10,-1.1e-05,0.000167,9.7e-05,1.4e-05,9.8e-05
3.edf,test,EEG AFF1,5.5e-05,0.000235,0.000109,1.4e-05,0.000109
3.edf,test,EEG AFz,-0.000128,0.000128,-5.2e-05,1.9e-05,5.5e-05
3.edf,test,EEG AFF2,1.7e-05,0.000194,7.2e-05,1.3e-05,7.4e-05
3.edf,test,EEG FFC5h,-9.8e-05,2.9e-05,-5.4e-05,1e-05,5.4e-05
3.edf,test,EEG FFC3h,-8.5e-05,2.1e-05,-5e-05,8e-06,5.1e-05
3.edf,test,EEG FFC4h,5e-05,0.000153,8.1e-05,7e-06,8.2e-05
3.edf,test,EEG FFC6h,-9.7e-05,2.7e-05,-6e-05,9e-06,6.1e-05
3.edf,test,EEG FCC5h,4.9e-05,0.000131,9.1e-05,7e-06,9.1e-05
3.edf,test,EEG FCC3h,0.000165,0.000215,0.000189,5e-06,0.000189
3.edf,test,EEG FCC4h,0.000137,0.000189,0.00016,4e-06,0.00016
3.edf,test,EEG FCC6h,4.6e-05,0.000115,7.7e-05,6e-06,7.7e-05
3.edf,test,EEG CCP5h,0.000128,0.000209,0.000172,8e-06,0.000173
3.edf,test,EEG CCP3h,0.000135,0.000185,0.000162,5e-06,0.000162
3.edf,test,EEG CCP4h,0.000152,0.000201,0.000178,5e-06,0.000178
3.edf,test,EEG CCP6h,0.000174,0.000245,0.000209,7e-06,0.000209
3.edf,test,EEG CPP5h,0.000131,0.000227,0.000185,9e-06,0.000185
3.edf,test,EEG CPP3h,0.00013,0.000211,0.000175,8e-06,0.000176
3.edf,test,EEG CPP4h,0.000151,0.000217,0.000189,7e-06,0.000189
3.edf,test,EEG CPP6h,0.000106,0.000192,0.000154,8e-06,0.000154
3.edf,test,EEG PPO1,0.00011,0.000199,0.000163,1e-05,0.000163
3.edf,test,EEG PPO2,0.000125,0.000211,0.000177,9e-06,0.000177
3.edf,test,EEG I1,7.1e-05,0.00035,0.000206,1.5e-05,0.000207
3.edf,test,EEG Iz,0.000101,0.000256,0.000184,1.4e-05,0.000185
3.edf,test,EEG I2,6.8e-05,0.000215,0.000152,1.4e-05,0.000153
3.edf,test,EEG AFp3h,-0.000238,0.000104,-0.000138,2.5e-05,0.00014
3.edf,test,EEG AFp4h,-0.000247,8.1e-05,-0.000155,2.4e-05,0.000157
3.edf,test,EEG AFF5h,-0.00019,6e-05,-0.000116,1.8e-05,0.000118
3.edf,test,EEG AFF6h,-0.000165,4.6e-05,-0.000106,1.4e-05,0.000107
3.edf,test,EEG FFT7h,-0.000192,-3.5e-05,-0.000125,1.1e-05,0.000126
3.edf,test,EEG FFC1h,-0.000162,-5.4e-05,-0.000127,8e-06,0.000127
3.edf,test,EEG FFC2h,-8.5e-05,1.7e-05,-5.4e-05,8e-06,5.5e-05
3.edf,test,EEG FFT8h,-0.000178,-3.8e-05,-0.000132,1e-05,0.000132
3.edf,test,EEG FTT9h,-0.00021,-4.7e-05,-0.000124,1.3e-05,0.000124
3.edf,test,EEG FTT7h,-0.000184,-6.4e-05,-0.000126,1e-05,0.000126
3.edf,test,EEG FCC1h,-0.000128,-9.2e-05,-0.000114,3e-06,0.000114
3.edf,test,EEG FCC2h,-0.000148,-0.000114,-0.000136,3e-06,0.000136
3.edf,test,EEG FTT8h,-0.000173,-5.3e-05,-0.00012,1e-05,0.00012
3.edf,test,EEG FTT10h,-0.000211,-7.9e-05,-0.000138,1.3e-05,0.000139
3.edf,test,EEG TTP7h,-0.000179,-5e-05,-0.000116,1.2e-05,0.000116
3.edf,test,EEG CCP1h,-0.00011,-8e-05,-9.3e-05,3e-06,9.3e-05
3.edf,test,EEG CCP2h,0.000204,0.000236,0.000223,3e-06,0.000223
3.edf,test,EEG TTP8h,0.000178,0.000275,0.000228,9e-06,0.000229
3.edf,test,EEG TPP7h,-9.9e-05,3.5e-05,-2.8e-05,1.2e-05,3e-05
3.edf,test,EEG CPP1h,0.000156,0.000222,0.000194,7e-06,0.000194
3.edf,test,EEG CPP2h,0.000165,0.000232,0.000204,7e-06,0.000205
3.edf,test,EEG TPP8h,0.000133,0.000244,0.000195,1.1e-05,0.000195
3.edf,test,EEG PPO9h,8.9e-05,0.000327,0.000221,1.4e-05,0.000222
3.edf,test,EEG PPO5h,0.000142,0.000252,0.000206,1.1e-05,0.000206
3.edf,test,EEG PPO6h,0.000126,0.000231,0.000188,1e-05,0.000189
3.edf,test,EEG PPO10h,0.000128,0.000287,0.00021,1.3e-05,0.000211
3.edf,test,EEG POO9h,7.7e-05,0.000258,0.00018,1.4e-05,0.000181
3.edf,test,EEG POO3h,0.000122,0.000248,0.000197,1.2e-05,0.000197
3.edf,test,EEG POO4h,0.000136,0.000255,0.000206,1.2e-05,0.000207
3.edf,test,EEG POO10h,0.00011,0.000246,0.000189,1.3e-05,0.000189
3.edf,test,EEG OI1h,0.00011,0.000268,0.000193,1.4e-05,0.000194
3.edf,test,EEG OI2h,0.000116,0.000255,0.000195,1.3e-05,0.000195
4.edf,test,EEG Fp1,-0.00013,0.000213,-1.5e-05,2e-05,2.5e-05
4.edf,test,EEG Fp2,-0.000137,0.000172,-3.5e-05,1.9e-05,4e-05
4.edf,test,EEG Fpz,-0.000124,0.000216,-1.2e-05,1.9e-05,2.3e-05
4.edf,test,EEG F7,-0.000357,0.000237,-1.9e-05,1.3e-05,2.3e-05
4.edf,test,EEG F3,-4.6e-05,0.000195,1.3e-05,1.2e-05,1.7e-05
4.edf,test,EEG Fz,8e-06,0.000148,6.2e-05,1.3e-05,6.4e-05
4.edf,test,EEG F4,-0.000186,0.000348,-2e-05,1.3e-05,2.4e-05
4.edf,test,EEG F8,-0.000305,0.00013,-2.5e-05,1.3e-05,2.8e-05
4.edf,test,EEG FC5,-0.000108,0.000103,-8e-06,1.1e-05,1.4e-05
4.edf,test,EEG FC1,-6.5e-05,2.5e-05,-3e-05,9e-06,3.1e-05
4.edf,test,EEG FC2,3e-05,7.9e-05,5.3e-05,5e-06,5.3e-05
4.edf,test,EEG FC6,-0.00012,7.8e-05,-3.3e-05,1.3e-05,3.5e-05
4.edf,test,EEG M1,-0.000168,8.3e-05,-2.4e-05,1.4e-05,2.8e-05
4.edf,test,EEG T7,-0.000312,0.000154,-1.3e-05,1.6e-05,2e-05
4.edf,test,EEG C3,-8.4e-05,5.3e-05,-2.9e-05,8e-06,3e-05
4.edf,test,EEG Cz,2.3e-05,2.9e-05,2.6e-05,1e-06,2.6e-05
4.edf,test,EEG C4,8.5e-05,0.000231,0.00016,1.2e-05,0.00016
4.edf,test,EEG T8,4.3e-05,0.000247,0.000172,1.2e-05,0.000172
4.edf,test,EEG M2,-0.000142,0.00011,-4e-06,1.6e-05,1.6e-05
4.edf,test,EEG CP5,7.7e-05,0.000244,0.000157,1e-05,0.000158
4.edf,test,EEG CP1,0.000152,0.000206,0.000181,6e-06,0.000181
4.edf,test,EEG CP2,0.000123,0.00025,0.000186,2e-05,0.000187
4.edf,test,EEG CP6,9.6e-05,0.000207,0.000146,1e-05,0.000147
4.edf,test,EEG P7,9.6e-05,0.000234,0.000166,1.2e-05,0.000166
4.edf,test,EEG P3,0.000116,0.000228,0.000173,1e-05,0.000173
4.edf,test,EEG Pz,0.000102,0.000205,0.000162,9e-06,0.000162
4.edf,test,EEG P4,6.9e-05,0.000193,0.000145,1.4e-05,0.000145
4.edf,test,EEG P8,9.5e-05,0.000232,0.000162,1.3e-05,0.000163
4.edf,test,EEG POz,5.2e-05,0.000214,0.000143,1.4e-05,0.000144
4.edf,test,EEG O1,0.000112,0.000248,0.000188,1.2e-05,0.000188
4.edf,test,EEG Oz,8.9e-05,0.000226,0.000165,1.1e-05,0.000166
4.edf,test,EEG O2,0.000107,0.000237,0.000167,1.2e-05,0.000168
4.edf,test,EOG EOGh,-0.001586,0.002174,0.000168,8e-05,0.000186
4.edf,test,EOG EOGv,-0.000361,0.000367,-0.000123,3.7e-05,0.000129
4.edf,test,EMG EMG_RH,-0.000353,0.000703,0.000178,2.8e-05,0.00018
4.edf,test,EMG EMG_LH,-0.000785,0.000609,-0.000132,3e-05,0.000135
4.edf,test,EMG EMG_RF,-0.000298,0.00012,-0.000124,9e-06,0.000124
4.edf,test,EEG AF7,-0.000104,0.00034,8e-06,1.7e-05,1.9e-05
4.edf,test,EEG AF3,-5.6e-05,0.00019,6e-06,1.2e-05,1.3e-05
4.edf,test,EEG AF4,-7.3e-05,0.000167,-3e-06,1.4e-05,1.4e-05
4.edf,test,EEG AF8,-9e-06,0.000445,0.000103,1.8e-05,0.000104
4.edf,test,EEG F5,-0.000189,0.000336,-5.6e-05,1.3e-05,5.7e-05
4.edf,test,EEG F1,-8.4e-05,5.9e-05,-3.6e-05,1.1e-05,3.8e-05
4.edf,test,EEG F2,2.1e-05,0.000193,8.5e-05,1.5e-05,8.7e-05
4.edf,test,EEG F6,-0.00032,0.000368,-4.2e-05,1.3e-05,4.4e-05
4.edf,test,EEG FC3,-7.4e-05,4.5e-05,-3.7e-05,1e-05,3.8e-05
4.edf,test,EEG FCz,-5.7e-05,2.9e-05,-1.9e-05,9e-06,2.2e-05
4.edf,test,EEG FC4,-6.7e-05,0.000154,1.3e-05,1.8e-05,2.2e-05
4.edf,test,EEG C5,-0.000138,6e-05,-6.4e-05,1e-05,6.5e-05
4.edf,test,EEG C1,-6.2e-05,-1.5e-05,-4.1e-05,5e-06,4.1e-05
4.edf,test,EEG C2,-7.5e-05,-1.7e-05,-4.6e-05,7e-06,4.6e-05
4.edf,test,EEG C6,-0.00014,9.2e-05,-4.8e-05,1.1e-05,4.9e-05
4.edf,test,EEG CP3,-8.9e-05,9e-06,-3.6e-05,1.2e-05,3.8e-05
4.edf,test,EEG CPz,0.000179,0.000266,0.000222,1.5e-05,0.000222
4.edf,test,EEG CP4,0.00018,0.00021,0.000197,3e-06,0.000197
4.edf,test,EEG P5,-4.6e-05,7.7e-05,1.3e-05,1.6e-05,2e-05
4.edf,test,EEG P1,0.000162,0.000258,0.000216,9e-06,0.000216
4.edf,test,EEG P2,0.000164,0.000279,0.000231,1.1e-05,0.000231
4.edf,test,EEG P6,0.000103,0.000252,0.000184,1.6e-05,0.000185
4.edf,test,EEG PO5,0.000141,0.000289,0.000219,1.5e-05,0.00022
4.edf,test,EEG PO3,0.000139,0.000299,0.000224,1.4e-05,0.000225
4.edf,test,EEG PO4,9.8e-05,0.000261,0.000196,1.6e-05,0.000196
4.edf,test,EEG PO6,0.000113,0.000262,0.0002,1.2e-05,0.000201
4.edf,test,EEG FT7,6.3e-05,0.000324,0.00022,1.1e-05,0.00022
4.edf,test,EEG FT8,2.9e-05,0.000301,0.0002,1.4e-05,0.0002
4.edf,test,EEG TP7,0.000134,0.000325,0.000238,1.2e-05,0.000239
4.edf,test,EEG TP8,0.000176,0.000309,0.000235,1.4e-05,0.000235
4.edf,test,EEG PO7,0.000141,0.00029,0.000217,1.3e-05,0.000217
4.edf,test,EEG PO8,0.000129,0.00027,0.000207,1.3e-05,0.000207
4.edf,test,EEG FT9,-3.3e-05,0.000294,0.000113,1.2e-05,0.000114
4.edf,test,EEG FT10,-3.7e-05,0.000354,0.000115,1.6e-05,0.000116
4.edf,test,EEG TPP9h,-0.000161,4.2e-05,-3.2e-05,1.3e-05,3.5e-05
4.edf,test,EEG TPP10h,3.3e-05,0.000178,0.000114,1.3e-05,0.000115
4.edf,test,EEG PO9,4.8e-05,0.000199,0.000123,1.3e-05,0.000124
4.edf,test,EEG PO10,-0.000128,6e-06,-6.7e-05,1.2e-05,6.8e-05
4.edf,test,EEG P9,4.2e-05,0.000192,0.00011,1.4e-05,0.000111
4.edf,test,EEG P10,3.7e-05,0.000195,0.000104,1.3e-05,0.000105
4.edf,test,EEG AFF1,5.6e-05,0.000217,0.000115,1.2e-05,0.000115
4.edf,test,EEG AFz,-0.000117,7.1e-05,-5.1e-05,1.3e-05,5.3e-05
4.edf,test,EEG AFF2,1.7e-05,0.000184,7.6e-05,1.2e-05,7.7e-05
4.edf,test,EEG FFC5h,-0.000198,0.000223,-5e-05,1e-05,5.1e-05
4.edf,test,EEG FFC3h,-8.9e-05,6.5e-05,-4.5e-05,9e-06,4.6e-05
4.edf,test,EEG FFC4h,3e-05,0.000239,8.7e-05,1.2e-05,8.8e-05
4.edf,test,EEG FFC6h,-0.000261,0.000342,-5.9e-05,1.4e-05,6e-05
4.edf,test,EEG FCC5h,-1.5e-05,0.000255,9.5e-05,1.1e-05,9.6e-05
4.edf,test,EEG FCC3h,0.000154,0.000259,0.000191,9e-06,0.000191
4.edf,test,EEG FCC4h,0.000123,0.000237,0.000167,9e-06,0.000168
4.edf,test,EEG FCC6h,6e-06,0.000198,7.9e-05,1e-05,7.9e-05
4.edf,test,EEG CCP5h,0.000102,0.00029,0.000177,9e-06,0.000177
4.edf,test,EEG CCP3h,0.000103,0.000212,0.000164,1.7e-05,0.000165
4.edf,test,EEG CCP4h,0.000133,0.000229,0.00018,1.2e-05,0.000181
4.edf,test,EEG CCP6h,0.000156,0.000278,0.000212,1e-05,0.000212
4.edf,test,EEG CPP5h,0.000135,0.000244,0.00019,1e-05,0.000191
4.edf,test,EEG CPP3h,0.000137,0.000217,0.000181,8e-06,0.000181
4.edf,test,EEG CPP4h,0.000144,0.000227,0.000191,8e-06,0.000191
4.edf,test,EEG CPP6h,0.000103,0.000208,0.000157,1.1e-05,0.000158
4.edf,test,EEG PPO1,9.5e-05,0.000235,0.000169,1.4e-05,0.000169
4.edf,test,EEG PPO2,0.000107,0.000231,0.000182,1.1e-05,0.000183
4.edf,test,EEG I1,0.000141,0.000284,0.000212,1.2e-05,0.000212
4.edf,test,EEG Iz,0.000131,0.000263,0.000192,1.2e-05,0.000192
4.edf,test,EEG I2,9.8e-05,0.000229,0.00016,1.2e-05,0.00016
4.edf,test,EEG AFp3h,-0.000214,3.2e-05,-0.000133,1.5e-05,0.000134
4.edf,test,EEG AFp4h,-0.000231,2e-06,-0.000151,1.5e-05,0.000152
4.edf,test,EEG AFF5h,-0.000172,8e-05,-0.000112,1.2e-05,0.000112
4.edf,test,EEG AFF6h,-0.000334,0.000306,-0.000104,1.3e-05,0.000105
4.edf,test,EEG FFT7h,-0.00022,-1.2e-05,-0.000123,1.1e-05,0.000123
4.edf,test,EEG FFC1h,-0.000179,-5.4e-05,-0.000125,1.5e-05,0.000126
4.edf,test,EEG FFC2h,-9.8e-05,1.7e-05,-5.3e-05,1.1e-05,5.4e-05
4.edf,test,EEG FFT8h,-0.000269,-1.5e-05,-0.000127,1.3e-05,0.000128
4.edf,test,EEG FTT9h,-0.000341,1e-06,-0.000119,1.3e-05,0.000119
4.edf,test,EEG FTT7h,-0.00028,-1.7e-05,-0.000121,1.1e-05,0.000121
4.edf,test,EEG FCC1h,-0.00013,-8.4e-05,-0.00011,5e-06,0.000111
4.edf,test,EEG FCC2h,-0.000152,-0.000106,-0.000132,5e-06,0.000132
4.edf,test,EEG FTT8h,-0.000309,-1.7e-05,-0.000114,1.3e-05,0.000115
4.edf,test,EEG FTT10h,-0.000363,2e-06,-0.000131,1.7e-05,0.000133
4.edf,test,EEG TTP7h,-0.000205,-3.2e-05,-0.00011,1e-05,0.000111
4.edf,test,EEG CCP1h,-9.6e-05,-8.2e-05,-8.9e-05,1e-06,8.9e-05
4.edf,test,EEG CCP2h,0.000204,0.000244,0.000228,4e-06,0.000228
4.edf,test,EEG TTP8h,0.000162,0.000286,0.000231,1.1e-05,0.000231
4.edf,test,EEG TPP7h,-9.3e-05,4.4e-05,-2.4e-05,1.2e-05,2.7e-05
4.edf,test,EEG CPP1h,0.000152,0.000232,0.000197,8e-06,0.000197
4.edf,test,EEG CPP2h,0.000153,0.000243,0.000204,9e-06,0.000204
4.edf,test,EEG TPP8h,0.00014,0.000256,0.000198,1.2e-05,0.000198
4.edf,test,EEG PPO9h,0.000147,0.000296,0.000222,1.3e-05,0.000222
4.edf,test,EEG PPO5h,0.000131,0.000282,0.00021,1.6e-05,0.000211
4.edf,test,EEG PPO6h,0.000108,0.000256,0.000194,1.4e-05,0.000194
4.edf,test,EEG PPO10h,0.000149,0.000284,0.000215,1.3e-05,0.000216
4.edf,test,EEG POO9h,0.000116,0.000258,0.000187,1.2e-05,0.000187
4.edf,test,EEG POO3h,0.000125,0.000263,0.000202,1.2e-05,0.000203
4.edf,test,EEG POO4h,0.000137,0.000272,0.000212,1.1e-05,0.000212
4.edf,test,EEG POO10h,0.000135,0.000265,0.000195,1.2e-05,0.000195
4.edf,test,EEG OI1h,0.000128,0.000268,0.000197,1.2e-05,0.000197
4.edf,test,EEG OI2h,0.000138,0.000268,0.000199,1.2e-05,0.000199
5.edf,test,EEG Fp1,-0.000186,0.000199,-1e-05,4e-05,4.2e-05
5.edf,test,EEG Fp2,-0.000188,0.000176,-3.3e-05,3.9e-05,5.2e-05
5.edf,test,EEG Fpz,-0.000179,0.000223,-8e-06,4.3e-05,4.4e-05
5.edf,test,EEG F7,-0.000242,0.000102,-2e-05,1.9e-05,2.7e-05
5.edf,test,EEG F3,-3.3e-05,0.000101,1.3e-05,1.2e-05,1.8e-05
5.edf,test,EEG Fz,1.1e-05,0.000125,6.3e-05,1.2e-05,6.4e-05
5.edf,test,EEG F4,-8.3e-05,6.2e-05,-1.4e-05,1.4e-05,2e-05
5.edf,test,EEG F8,-0.000135,0.000115,-2.5e-05,2e-05,3.2e-05
5.edf,test,EEG FC5,-0.000107,8.1e-05,-1e-05,1.1e-05,1.4e-05
5.edf,test,EEG FC1,-5.1e-05,-1e-06,-2.6e-05,5e-06,2.6e-05
5.edf,test,EEG FC2,2.6e-05,8.5e-05,5.4e-05,6e-06,5.4e-05
5.edf,test,EEG FC6,-9.5e-05,4.4e-05,-2.9e-05,1.1e-05,3.1e-05
5.edf,test,EEG M1,-0.000163,0.000148,-2.4e-05,2.2e-05,3.3e-05
5.edf,test,EEG T7,-0.000215,0.000119,-9e-06,1.5e-05,1.7e-05
5.edf,test,EEG C3,-9.4e-05,4.2e-05,-2.7e-05,7e-06,2.8e-05
5.edf,test,EEG Cz,2.6e-05,3.2e-05,2.9e-05,1e-06,2.9e-05
5.edf,test,EEG C4,0.000123,0.000197,0.000162,7e-06,0.000162
5.edf,test,EEG T8,-0.000127,0.000255,0.000175,1.3e-05,0.000175
5.edf,test,EEG M2,-0.000147,8.2e-05,-1e-06,2e-05,2e-05
5.edf,test,EEG CP5,4.2e-05,0.000296,0.000156,1.1e-05,0.000157
5.edf,test,EEG CP1,0.000136,0.000206,0.000176,7e-06,0.000176
5.edf,test,EEG CP2,0.000151,0.000217,0.000188,6e-06,0.000188
5.edf,test,EEG CP6,8.5e-05,0.000196,0.000148,1e-05,0.000148
5.edf,test,EEG P7,7.5e-05,0.000252,0.000167,1.6e-05,0.000168
5.edf,test,EEG P3,0.000108,0.000227,0.000174,1.2e-05,0.000174
5.edf,test,EEG Pz,0.000112,0.000202,0.00016,9e-06,0.00016
5.edf,test,EEG P4,8e-05,0.000195,0.000145,1.1e-05,0.000145
5.edf,test,EEG P8,6.2e-05,0.000244,0.000164,1.6e-05,0.000164
5.edf,test,EEG POz,6.9e-05,0.000208,0.00014,1.3e-05,0.000141
5.edf,test,EEG O1,9.1e-05,0.000284,0.000188,1.7e-05,0.000189
5.edf,test,EEG Oz,7.6e-05,0.000239,0.000163,1.6e-05,0.000164
5.edf,test,EEG O2,4.7e-05,0.000318,0.000168,1.9e-05,0.000169
5.edf,test,EOG EOGh,-0.003364,0.00309,0.000225,0.000453,0.000506
5.edf,test,EOG EOGv,-0.000871,0.000548,-0.000115,0.000152,0.00019
5.edf,test,EMG EMG_RH,-0.000831,0.001764,0.000178,8.9e-05,0.000199
5.edf,test,EMG EMG_LH,-0.001029,0.000341,-0.000118,8.2e-05,0.000144
5.edf,test,EMG EMG_RF,-0.000492,0.000159,-0.000117,1.8e-05,0.000118
5.edf,test,EEG AF7,-0.000135,0.000197,2e-06,3.4e-05,3.4e-05
5.edf,test,EEG AF3,-6.4e-05,0.00011,7e-06,2.1e-05,2.2e-05
5.edf,test,EEG AF4,-0.000101,0.000115,-2e-06,2.3e-05,2.3e-05
5.edf,test,EEG AF8,-9.3e-05,0.000314,0.000105,3.8e-05,0.000112
5.edf,test,EEG F5,-0.000121,4.3e-05,-5.4e-05,1.6e-05,5.6e-05
5.edf,test,EEG F1,-8.7e-05,1.5e-05,-3.9e-05,1.1e-05,4e-05
5.edf,test,EEG F2,3.5e-05,0.000146,8.6e-05,1.1e-05,8.7e-05
5.edf,test,EEG F6,-0.000146,8e-05,-4.1e-05,1.8e-05,4.5e-05
5.edf,test,EEG FC3,-8.8e-05,3.5e-05,-3.7e-05,7e-06,3.7e-05
5.edf,test,EEG FCz,-4.4e-05,8e-06,-1.9e-05,5e-06,2e-05
5.edf,test,EEG FC4,-3.1e-05,6.6e-05,1.6e-05,8e-06,1.8e-05
5.edf,test,EEG C5,-0.000199,8.3e-05,-6.4e-05,1.1e-05,6.5e-05
5.edf,test,EEG C1,-6.9e-05,-2.6e-05,-4.6e-05,3e-06,4.7e-05
5.edf,test,EEG C2,-7e-05,-2.1e-05,-4.7e-05,4e-06,4.7e-05
5.edf,test,EEG C6,-0.000111,7e-06,-4.8e-05,1e-05,4.9e-05
5.edf,test,EEG CP3,-8.9e-05,1.3e-05,-3.3e-05,9e-06,3.4e-05
5.edf,test,EEG CPz,0.000187,0.00024,0.000218,6e-06,0.000218
5.edf,test,EEG CP4,0.000182,0.000207,0.000194,3e-06,0.000194
5.edf,test,EEG P5,-7e-05,9e-05,1.2e-05,1.4e-05,1.9e-05
5.edf,test,EEG P1,0.000163,0.000266,0.000217,1e-05,0.000217
5.edf,test,EEG P2,0.000173,0.000269,0.000227,1e-05,0.000227
5.edf,test,EEG P6,0.000108,0.000246,0.000182,1.3e-05,0.000182
5.edf,test,EEG PO5,0.000131,0.000295,0.000219,1.5e-05,0.000219
5.edf,test,EEG PO3,0.00015,0.000293,0.000228,1.4e-05,0.000229
5.edf,test,EEG PO4,0.000124,0.000255,0.000192,1.3e-05,0.000193
5.edf,test,EEG PO6,0.000101,0.000305,0.000196,1.7e-05,0.000197
5.edf,test,EEG FT7,-9e-06,0.00032,0.00022,1.5e-05,0.000221
5.edf,test,EEG FT8,9.9e-05,0.000292,0.000202,1.3e-05,0.000203
5.edf,test,EEG TP7,0.000133,0.00032,0.000237,1.5e-05,0.000238
5.edf,test,EEG TP8,0.000146,0.000299,0.000238,1.4e-05,0.000238
5.edf,test,EEG PO7,4.6e-05,0.000299,0.000216,1.8e-05,0.000217
5.edf,test,EEG PO8,0.000108,0.00029,0.000208,1.7e-05,0.000209
5.edf,test,EEG FT9,-5.2e-05,0.000278,0.000113,2.3e-05,0.000116
5.edf,test,EEG FT10,-9e-06,0.000225,0.000121,1.7e-05,0.000122
5.edf,test,EEG TPP9h,-0.000137,5.8e-05,-3.1e-05,1.8e-05,3.5e-05
5.edf,test,EEG TPP10h,1.2e-05,0.000183,0.000111,1.7e-05,0.000113
5.edf,test,EEG PO9,-5.5e-05,0.000208,0.000122,1.8e-05,0.000123
5.edf,test,EEG PO10,-0.000176,2.5e-05,-6.7e-05,1.8e-05,6.9e-05
5.edf,test,EEG P9,5e-06,0.000197,0.000109,1.9e-05,0.00011
5.edf,test,EEG P10,-7e-06,0.00031,0.000105,1.9e-05,0.000107
5.edf,test,EEG AFF1,5.4e-05,0.000187,0.000114,1.5e-05,0.000115
5.edf,test,EEG AFz,-0.000134,5.9e-05,-4.4e-05,2.2e-05,4.9e-05
5.edf,test,EEG AFF2,9e-06,0.000152,7.8e-05,1.5e-05,8e-05
5.edf,test,EEG FFC5h,-0.000106,5.6e-05,-4.8e-05,1.1e-05,4.9e-05
5.edf,test,EEG FFC3h,-8e-05,4e-06,-4.3e-05,8e-06,4.4e-05
5.edf,test,EEG FFC4h,3.3e-05,0.000131,7.9e-05,9e-06,8e-05
5.edf,test,EEG FFC6h,-0.000117,3.3e-05,-5e-05,1.3e-05,5.1e-05
5.edf,test,EEG FCC5h,3e-06,0.000202,9e-05,1.1e-05,9e-05
5.edf,test,EEG FCC3h,0.000135,0.000228,0.000182,9e-06,0.000182
5.edf,test,EEG FCC4h,0.000123,0.00019,0.000157,7e-06,0.000157
5.edf,test,EEG FCC6h,2.8e-05,0.000135,7.9e-05,1e-05,7.9e-05
5.edf,test,EEG CCP5h,6.3e-05,0.000286,0.000171,1e-05,0.000171
5.edf,test,EEG CCP3h,0.0001,0.00019,0.000154,8e-06,0.000154
5.edf,test,EEG CCP4h,0.000148,0.000208,0.000182,5e-06,0.000182
5.edf,test,EEG CCP6h,0.000162,0.000261,0.000214,8e-06,0.000214
5.edf,test,EEG CPP5h,0.000117,0.000239,0.000185,1.2e-05,0.000185
5.edf,test,EEG CPP3h,0.000105,0.000209,0.000169,1e-05,0.000169
5.edf,test,EEG CPP4h,0.000137,0.000229,0.00019,9e-06,0.000191
5.edf,test,EEG CPP6h,8.4e-05,0.000201,0.00015,1.2e-05,0.00015
5.edf,test,EEG PPO1,8.7e-05,0.000214,0.000157,1.3e-05,0.000158
5.edf,test,EEG PPO2,0.000116,0.00023,0.000177,1.1e-05,0.000177
5.edf,test,EEG I1,5e-06,0.000481,0.000204,2.4e-05,0.000205
5.edf,test,EEG Iz,7.4e-05,0.000331,0.000186,2e-05,0.000188
5.edf,test,EEG I2,3.1e-05,0.000321,0.000155,2e-05,0.000156
5.edf,test,EEG AFp3h,-0.000247,2.1e-05,-0.000131,3e-05,0.000134
5.edf,test,EEG AFp4h,-0.000278,5e-06,-0.000151,3e-05,0.000154
5.edf,test,EEG AFF5h,-0.000186,-1e-05,-0.000113,1.9e-05,0.000115
5.edf,test,EEG AFF6h,-0.000214,6e-06,-0.000103,2.1e-05,0.000105
5.edf,test,EEG FFT7h,-0.000336,-4.1e-05,-0.000122,1.4e-05,0.000123
5.edf,test,EEG FFC1h,-0.000165,-7.9e-05,-0.000123,9e-06,0.000124
5.edf,test,EEG FFC2h,-8.8e-05,-1e-05,-5.2e-05,8e-06,5.2e-05
5.edf,test,EEG FFT8h,-0.000209,-2.4e-05,-0.000126,1.5e-05,0.000127
5.edf,test,EEG FTT9h,-0.000317,3.2e-05,-0.000111,1.6e-05,0.000113
5.edf,test,EEG FTT7h,-0.000283,-4.3e-05,-0.000121,1.3e-05,0.000122
5.edf,test,EEG FCC1h,-0.000143,-9e-05,-0.000112,6e-06,0.000112
5.edf,test,EEG FCC2h,-0.000158,-0.000117,-0.000134,4e-06,0.000134
5.edf,test,EEG FTT8h,-0.000191,-3.5e-05,-0.000111,1.1e-05,0.000111
5.edf,test,EEG FTT10h,-0.00023,-3.8e-05,-0.000127,1.5e-05,0.000128
5.edf,test,EEG TTP7h,-0.000216,-2.7e-05,-0.000107,1.3e-05,0.000107
5.edf,test,EEG CCP1h,-0.000106,-7e-05,-8.8e-05,3e-06,8.8e-05
5.edf,test,EEG CCP2h,0.000194,0.00025,0.000222,5e-06,0.000222
5.edf,test,EEG TTP8h,0.000117,0.000289,0.000232,1.1e-05,0.000233
5.edf,test,EEG TPP7h,-0.000108,5e-05,-2.3e-05,1.4e-05,2.7e-05
5.edf,test,EEG CPP1h,0.000155,0.000232,0.000197,8e-06,0.000197
5.edf,test,EEG CPP2h,0.000154,0.000239,0.000202,1e-05,0.000202
5.edf,test,EEG TPP8h,0.000108,0.000252,0.000192,1.5e-05,0.000193
5.edf,test,EEG PPO9h,0.000106,0.000313,0.000216,1.8e-05,0.000217
5.edf,test,EEG PPO5h,0.000119,0.000274,0.000206,1.5e-05,0.000206
5.edf,test,EEG PPO6h,0.000123,0.000257,0.000192,1.3e-05,0.000193
5.edf,test,EEG PPO10h,-7e-05,0.000298,0.00021,2e-05,0.000211
5.edf,test,EEG POO9h,3.5e-05,0.000338,0.000181,2e-05,0.000182
5.edf,test,EEG POO3h,0.000111,0.000273,0.000197,1.6e-05,0.000198
5.edf,test,EEG POO4h,0.00012,0.00028,0.000205,1.6e-05,0.000205
5.edf,test,EEG POO10h,7.2e-05,0.000349,0.000192,1.9e-05,0.000193
5.edf,test,EEG OI1h,9e-05,0.000335,0.000197,1.8e-05,0.000198
5.edf,test,EEG OI2h,7.9e-05,0.000315,0.000197,1.9e-05,0.000198
6.edf,test,EEG Fp1,-0.00025,0.00034,-9e-06,6.3e-05,6.3e-05
6.edf,test,EEG Fp2,-0.000195,0.000206,-3.2e-05,4.7e-05,5.7e-05
6.edf,test,EEG Fpz,-0.000202,0.000281,-6e-06,5.7e-05,5.7e-05
6.edf,test,EEG F7,-0.00018,0.000165,-1.7e-05,1.5e-05,2.3e-05
6.edf,test,EEG F3,-5.6e-05,0.000133,1.6e-05,1.1e-05,2e-05
6.edf,test,EEG Fz,2e-05,0.000144,6.9e-05,1.4e-05,7.1e-05
6.edf,test,EEG F4,-7.2e-05,7.3e-05,-1.4e-05,1.4e-05,2e-05
6.edf,test,EEG F8,-0.000239,0.000187,-2.3e-05,2.3e-05,3.2e-05
6.edf,test,EEG FC5,-0.000109,9.6e-05,-2e-06,1.1e-05,1.1e-05
6.edf,test,EEG FC1,-5.4e-05,1.7e-05,-2.3e-05,5e-06,2.4e-05
6.edf,test,EEG FC2,3.5e-05,8.7e-05,5.7e-05,5e-06,5.7e-05
6.edf,test,EEG FC6,-0.000145,6.5e-05,-2.7e-05,1e-05,2.9e-05
6.edf,test,EEG M1,-0.000207,7.8e-05,-2.2e-05,2.4e-05,3.2e-05
6.edf,test,EEG T7,-0.000114,7e-05,-6e-06,1.2e-05,1.4e-05
6.edf,test,EEG C3,-8.5e-05,2.5e-05,-2.5e-05,7e-06,2.6e-05
6.edf,test,EEG Cz,2.8e-05,3.3e-05,3.1e-05,1e-06,3.1e-05
6.edf,test,EEG C4,0.000122,0.000199,0.000166,5e-06,0.000166
6.edf,test,EEG T8,3.4e-05,0.000248,0.000176,1.4e-05,0.000177
6.edf,test,EEG M2,-0.000182,0.000105,2e-06,2.2e-05,2.2e-05
6.edf,test,EEG CP5,7.7e-05,0.000229,0.000161,1.2e-05,0.000161
6.edf,test,EEG CP1,0.000142,0.000216,0.00019,6e-06,0.00019
6.edf,test,EEG CP2,0.000151,0.00022,0.000195,5e-06,0.000195
6.edf,test,EEG CP6,7.7e-05,0.000198,0.000151,9e-06,0.000151
6.edf,test,EEG P7,7.7e-05,0.000245,0.000172,1.5e-05,0.000173
6.edf,test,EEG P3,9.1e-05,0.000242,0.000179,1.3e-05,0.000179
6.edf,test,EEG Pz,9.3e-05,0.000209,0.000167,9e-06,0.000167
6.edf,test,EEG P4,7.7e-05,0.000192,0.00015,1e-05,0.00015
6.edf,test,EEG P8,6.4e-05,0.000241,0.00017,1.6e-05,0.00017
6.edf,test,EEG POz,5.9e-05,0.000214,0.000148,1.3e-05,0.000148
6.edf,test,EEG O1,8.8e-05,0.000284,0.000194,1.8e-05,0.000195
6.edf,test,EEG Oz,5.8e-05,0.000246,0.000168,1.7e-05,0.000169
6.edf,test,EEG O2,1.5e-05,0.000251,0.000171,1.8e-05,0.000172
6.edf,test,EOG EOGh,-0.004944,0.006709,0.000231,0.000413,0.000473
6.edf,test,EOG EOGv,-0.000767,0.000681,-0.000117,0.000162,0.0002
6.edf,test,EMG EMG_RH,-0.000486,0.000625,0.000177,2.5e-05,0.000179
6.edf,test,EMG EMG_LH,-0.000398,9.3e-05,-0.000128,2.1e-05,0.00013
6.edf,test,EMG EMG_RF,-0.000502,0.000173,-0.000117,1.3e-05,0.000117
6.edf,test,EEG AF7,-0.000283,0.000448,8e-06,4.2e-05,4.2e-05
6.edf,test,EEG AF3,-0.000115,0.00018,1e-05,2.5e-05,2.7e-05
6.edf,test,EEG AF4,-9.4e-05,0.000146,2e-06,2.6e-05,2.7e-05
6.edf,test,EEG AF8,-0.000102,0.00047,0.000115,5.8e-05,0.000129
6.edf,test,EEG F5,-0.000163,0.000101,-5.2e-05,1.2e-05,5.3e-05
6.edf,test,EEG F1,-7.8e-05,4.8e-05,-3.3e-05,1.2e-05,3.5e-05
6.edf,test,EEG F2,4.8e-05,0.000156,9.3e-05,1.2e-05,9.4e-05
6.edf,test,EEG F6,-0.000188,0.000109,-3.8e-05,1.9e-05,4.2e-05
6.edf,test,EEG FC3,-7.8e-05,2.4e-05,-3.1e-05,6e-06,3.2e-05
6.edf,test,EEG FCz,-3.7e-05,1.2e-05,-1.4e-05,5e-06,1.5e-05
6.edf,test,EEG FC4,-2.7e-05,7.2e-05,2.4e-05,7e-06,2.5e-05
6.edf,test,EEG C5,-0.000165,2e-05,-6.1e-05,1.1e-05,6.2e-05
6.edf,test,EEG C1,-5.9e-05,-1.8e-05,-3.7e-05,3e-06,3.7e-05
6.edf,test,EEG C2,-6.3e-05,-2.7e-05,-4.1e-05,3e-06,4.1e-05
6.edf,test,EEG C6,-0.000124,1.6e-05,-4.3e-05,8e-06,4.4e-05
6.edf,test,EEG CP3,-9.2e-05,1.2e-05,-2.9e-05,9e-06,3e-05
6.edf,test,EEG CPz,0.000184,0.00025,0.000227,5e-06,0.000227
6.edf,test,EEG CP4,0.000146,0.000233,0.0002,7e-06,0.000201
6.edf,test,EEG P5,-7.6e-05,8.4e-05,1.7e-05,1.4e-05,2.2e-05
6.edf,test,EEG P1,0.000148,0.000267,0.000221,1e-05,0.000221
6.edf,test,EEG P2,0.000155,0.000274,0.000234,9e-06,0.000235
6.edf,test,EEG P6,0.000109,0.000242,0.000187,1.2e-05,0.000187
6.edf,test,EEG PO5,0.000133,0.000295,0.000226,1.5e-05,0.000227
6.edf,test,EEG PO3,0.000143,0.000305,0.000236,1.5e-05,0.000236
6.edf,test,EEG PO4,0.000116,0.000264,0.000201,1.4e-05,0.000202
6.edf,test,EEG PO6,9.6e-05,0.000276,0.000204,1.6e-05,0.000205
6.edf,test,EEG FT7,7.8e-05,0.000356,0.000227,1.6e-05,0.000227
6.edf,test,EEG FT8,5.1e-05,0.000317,0.000205,1.2e-05,0.000206
6.edf,test,EEG TP7,0.000142,0.000311,0.000245,1.2e-05,0.000246
6.edf,test,EEG TP8,0.000149,0.000305,0.000243,1.3e-05,0.000243
6.edf,test,EEG PO7,0.000128,0.000292,0.000222,1.5e-05,0.000222
6.edf,test,EEG PO8,7.8e-05,0.0003,0.000214,1.8e-05,0.000215
6.edf,test,EEG FT9,-6.5e-05,0.000248,0.000117,2.1e-05,0.000118
6.edf,test,EEG FT10,-6.7e-05,0.000264,0.000124,1.5e-05,0.000125
6.edf,test,EEG TPP9h,-0.000118,5.2e-05,-2.3e-05,1.5e-05,2.7e-05
6.edf,test,EEG TPP10h,9e-06,0.000198,0.000119,1.7e-05,0.00012
6.edf,test,EEG PO9,3.6e-05,0.000204,0.00013,1.5e-05,0.000131
6.edf,test,EEG PO10,-0.000187,2.4e-05,-6.8e-05,1.9e-05,7.1e-05
6.edf,test,EEG P9,2.4e-05,0.000193,0.000119,1.5e-05,0.00012
6.edf,test,EEG P10,1e-06,0.000201,0.00011,1.9e-05,0.000112
6.edf,test,EEG AFF1,5.8e-05,0.000213,0.00012,1.8e-05,0.000121
6.edf,test,EEG AFz,-0.000126,9e-05,-4.2e-05,2.4e-05,4.9e-05
6.edf,test,EEG AFF2,1.8e-05,0.000173,8.1e-05,1.8e-05,8.3e-05
6.edf,test,EEG FFC5h,-0.000154,0.0001,-4.5e-05,1.2e-05,4.7e-05
6.edf,test,EEG FFC3h,-7e-05,2e-06,-4e-05,5e-06,4e-05
6.edf,test,EEG FFC4h,5.2e-05,0.000141,8.7e-05,9e-06,8.7e-05
6.edf,test,EEG FFC6h,-0.000138,5.5e-05,-5.2e-05,1.2e-05,5.4e-05
6.edf,test,EEG FCC5h,-5e-06,0.000189,9.9e-05,1.1e-05,9.9e-05
6.edf,test,EEG FCC3h,0.000154,0.000243,0.000197,5e-06,0.000197
6.edf,test,EEG FCC4h,0.000136,0.000196,0.000169,4e-06,0.000169
6.edf,test,EEG FCC6h,8e-06,0.000146,8.7e-05,7e-06,8.7e-05
6.edf,test,EEG CCP5h,0.000105,0.000246,0.000181,1e-05,0.000181
6.edf,test,EEG CCP3h,0.000127,0.000193,0.000168,6e-06,0.000168
6.edf,test,EEG CCP4h,0.000148,0.000209,0.000185,5e-06,0.000185
6.edf,test,EEG CCP6h,0.000157,0.000259,0.000218,7e-06,0.000219
6.edf,test,EEG CPP5h,0.000102,0.000259,0.000194,1.4e-05,0.000194
6.edf,test,EEG CPP3h,0.000121,0.000226,0.000185,9e-06,0.000185
6.edf,test,EEG CPP4h,0.000136,0.000231,0.000199,8e-06,0.000199
6.edf,test,EEG CPP6h,9.8e-05,0.000205,0.000162,9e-06,0.000162
6.edf,test,EEG PPO1,8.9e-05,0.000226,0.000171,1.2e-05,0.000171
6.edf,test,EEG PPO2,0.000101,0.000239,0.000187,1.1e-05,0.000187
6.edf,test,EEG I1,0.000109,0.000307,0.000216,1.9e-05,0.000217
6.edf,test,EEG Iz,8.6e-05,0.000285,0.000197,1.8e-05,0.000198
6.edf,test,EEG I2,4.3e-05,0.000266,0.000159,1.9e-05,0.00016
6.edf,test,EEG AFp3h,-0.000277,6.9e-05,-0.00013,3.7e-05,0.000136
6.edf,test,EEG AFp4h,-0.000262,2.3e-05,-0.000148,3.4e-05,0.000152
6.edf,test,EEG AFF5h,-0.000332,9e-05,-0.000109,2.2e-05,0.000111
6.edf,test,EEG AFF6h,-0.000201,5.8e-05,-9.7e-05,2.4e-05,0.000101
6.edf,test,EEG FFT7h,-0.000272,5.2e-05,-0.000118,1.5e-05,0.000119
6.edf,test,EEG FFC1h,-0.000147,-7e-05,-0.000117,8e-06,0.000117
6.edf,test,EEG FFC2h,-8.1e-05,-5e-06,-4.9e-05,8e-06,4.9e-05
6.edf,test,EEG FFT8h,-0.000285,1.4e-05,-0.000122,1.5e-05,0.000123
6.edf,test,EEG FTT9h,-0.000265,-1.6e-05,-0.000113,1.9e-05,0.000114
6.edf,test,EEG FTT7h,-0.000228,-3.5e-05,-0.000118,1.3e-05,0.000119
6.edf,test,EEG FCC1h,-0.000118,-8.9e-05,-0.000106,3e-06,0.000106
6.edf,test,EEG FCC2h,-0.000142,-0.000113,-0.000129,3e-06,0.000129
6.edf,test,EEG FTT8h,-0.000227,-2.7e-05,-0.000108,1e-05,0.000108
6.edf,test,EEG FTT10h,-0.000273,-3.3e-05,-0.000128,1.3e-05,0.000129
6.edf,test,EEG TTP7h,-0.000208,-3.2e-05,-0.000105,1.2e-05,0.000105
6.edf,test,EEG CCP1h,-0.000111,-7e-05,-8.7e-05,4e-06,8.7e-05
6.edf,test,EEG CCP2h,0.000208,0.000244,0.000232,3e-06,0.000232
6.edf,test,EEG TTP8h,0.000221,0.000253,0.000239,4e-06,0.000239
6.edf,test,EEG TPP7h,-0.000109,5.4e-05,-1.6e-05,1.5e-05,2.2e-05
6.edf,test,EEG CPP1h,0.000145,0.00024,0.000203,8e-06,0.000203
6.edf,test,EEG CPP2h,0.000146,0.000248,0.000213,7e-06,0.000213
6.edf,test,EEG TPP8h,0.000126,0.000259,0.000205,1.2e-05,0.000205
6.edf,test,EEG PPO9h,0.000135,0.000304,0.000231,1.5e-05,0.000231
6.edf,test,EEG PPO5h,0.000123,0.000284,0.000216,1.4e-05,0.000216
6.edf,test,EEG PPO6h,0.000118,0.000256,0.000199,1.3e-05,0.000199
6.edf,test,EEG PPO10h,0.0001,0.000306,0.000223,1.8e-05,0.000224
6.edf,test,EEG POO9h,8.1e-05,0.000279,0.000189,1.9e-05,0.00019
6.edf,test,EEG POO3h,0.00011,0.000283,0.000209,1.6e-05,0.00021
6.edf,test,EEG POO4h,0.00011,0.000308,0.000218,1.7e-05,0.000219
6.edf,test,EEG POO10h,8.4e-05,0.000307,0.000201,1.9e-05,0.000201
6.edf,test,EEG OI1h,8.9e-05,0.00029,0.000202,1.9e-05,0.000203
6.edf,test,EEG OI2h,8.9e-05,0.000297,0.000203,1.9e-05,0.000204
7.edf,test,EEG Fp1,-0.000224,0.000177,-1.1e-05,1.7e-05,2e-05
7.edf,test,EEG Fp2,-0.000136,8.6e-05,-3.3e-05,1.3e-05,3.5e-05
7.edf,test,EEG Fpz,-0.000205,0.000183,-1e-05,1.5e-05,1.8e-05
7.edf,test,EEG F7,-0.000185,4.3e-05,-2.3e-05,1e-05,2.5e-05
7.edf,test,EEG F3,-8.8e-05,0.000204,1.2e-05,9e-06,1.5e-05
7.edf,test,EEG Fz,1.7e-05,0.00013,6.5e-05,7e-06,6.5e-05
7.edf,test,EEG F4,-0.00012,0.000129,-1.9e-05,1e-05,2.1e-05
7.edf,test,EEG F8,-0.000481,0.000317,-2.8e-05,1.5e-05,3.1e-05
7.edf,test,EEG FC5,-0.000145,9.1e-05,-7e-06,8e-06,1.1e-05
7.edf,test,EEG FC1,-5e-05,1.7e-05,-2.5e-05,4e-06,2.5e-05
7.edf,test,EEG FC2,2e-05,9.8e-05,5.4e-05,5e-06,5.4e-05
7.edf,test,EEG FC6,-0.000313,0.000245,-3.1e-05,1e-05,3.3e-05
7.edf,test,EEG M1,-9.8e-05,2.9e-05,-2.6e-05,1e-05,2.8e-05
7.edf,test,EEG T7,-0.000179,7.4e-05,-9e-06,1.2e-05,1.5e-05
7.edf,test,EEG C3,-9.1e-05,1.8e-05,-3.1e-05,5e-06,3.1e-05
7.edf,test,EEG Cz,2.6e-05,3.2e-05,2.9e-05,1e-06,2.9e-05
7.edf,test,EEG C4,9.7e-05,0.000271,0.000165,5e-06,0.000165
7.edf,test,EEG T8,4e-06,0.00024,0.000172,1.2e-05,0.000172
7.edf,test,EEG M2,-0.000118,0.000102,-4e-06,1.7e-05,1.7e-05
7.edf,test,EEG CP5,0.000125,0.000195,0.000158,6e-06,0.000158
7.edf,test,EEG CP1,0.000164,0.000208,0.000186,4e-06,0.000186
7.edf,test,EEG CP2,0.000166,0.000214,0.000192,4e-06,0.000192
7.edf,test,EEG CP6,9.9e-05,0.000199,0.000146,7e-06,0.000146
7.edf,test,EEG P7,0.000117,0.000226,0.000167,8e-06,0.000167
7.edf,test,EEG P3,0.000141,0.000213,0.000175,7e-06,0.000175
7.edf,test,EEG Pz,0.000128,0.000195,0.000163,6e-06,0.000163
7.edf,test,EEG P4,0.000109,0.000183,0.000147,7e-06,0.000147
7.edf,test,EEG P8,0.000115,0.000216,0.000164,1e-05,0.000165
7.edf,test,EEG POz,9.5e-05,0.000188,0.000142,8e-06,0.000143
7.edf,test,EEG O1,0.000142,0.000252,0.000192,1e-05,0.000192
7.edf,test,EEG Oz,0.00012,0.000225,0.000164,9e-06,0.000164
7.edf,test,EEG O2,0.00011,0.000229,0.000169,1e-05,0.000169
7.edf,test,EOG EOGh,-0.000833,0.001787,0.000205,8.9e-05,0.000224
7.edf,test,EOG EOGv,-0.000422,0.000183,-0.000122,2.5e-05,0.000125
7.edf,test,EMG EMG_RH,-0.000561,0.001035,0.000182,3.1e-05,0.000185
7.edf,test,EMG EMG_LH,-0.000775,0.000267,-0.00013,1.5e-05,0.000131
7.edf,test,EMG EMG_RF,-0.000524,-8e-06,-0.000119,9e-06,0.000119
7.edf,test,EEG AF7,-0.000175,0.000154,3e-06,1.3e-05,1.4e-05
7.edf,test,EEG AF3,-0.000261,0.000137,6e-06,1.1e-05,1.3e-05
7.edf,test,EEG AF4,-0.000125,0.000132,0.0,1.3e-05,1.3e-05
7.edf,test,EEG AF8,-0.0002,0.000484,0.000108,1.6e-05,0.000109
7.edf,test,EEG F5,-0.000169,4.5e-05,-5.7e-05,9e-06,5.7e-05
7.edf,test,EEG F1,-7.8e-05,7.8e-05,-3.5e-05,7e-06,3.6e-05
7.edf,test,EEG F2,3.8e-05,0.000221,8.7e-05,8e-06,8.7e-05
7.edf,test,EEG F6,-0.000315,0.000259,-4.2e-05,1.2e-05,4.4e-05
7.edf,test,EEG FC3,-9.4e-05,2.9e-05,-3.6e-05,6e-06,3.7e-05
7.edf,test,EEG FCz,-4.7e-05,1.4e-05,-1.8e-05,5e-06,1.9e-05
7.edf,test,EEG FC4,-6.6e-05,0.000165,1.8e-05,7e-06,2e-05
7.edf,test,EEG C5,-0.000105,-2.1e-05,-6.4e-05,7e-06,6.4e-05
7.edf,test,EEG C1,-5.2e-05,-2.2e-05,-3.8e-05,2e-06,3.8e-05
7.edf,test,EEG C2,-6.8e-05,-1.4e-05,-4.6e-05,3e-06,4.6e-05
7.edf,test,EEG C6,-0.000216,9.2e-05,-4.7e-05,8e-06,4.8e-05
7.edf,test,EEG CP3,-5.7e-05,-4e-06,-3e-05,5e-06,3.1e-05
7.edf,test,EEG CPz,0.000202,0.000248,0.000229,3e-06,0.000229
7.edf,test,EEG CP4,0.000189,0.00021,0.000199,2e-06,0.000199
7.edf,test,EEG P5,-2.8e-05,5.7e-05,1.3e-05,8e-06,1.5e-05
7.edf,test,EEG P1,0.000185,0.000249,0.000215,6e-06,0.000215
7.edf,test,EEG P2,0.000195,0.00026,0.000229,6e-06,0.000229
7.edf,test,EEG P6,0.000138,0.000244,0.000183,8e-06,0.000183
7.edf,test,EEG PO5,0.00018,0.000271,0.000223,8e-06,0.000223
7.edf,test,EEG PO3,0.00019,0.000275,0.00023,8e-06,0.00023
7.edf,test,EEG PO4,0.000145,0.00024,0.000196,8e-06,0.000196
7.edf,test,EEG PO6,0.000144,0.000254,0.000199,9e-06,0.000199
7.edf,test,EEG FT7,7.8e-05,0.000289,0.000218,1e-05,0.000219
7.edf,test,EEG FT8,-5e-05,0.000322,0.000199,1e-05,0.000199
7.edf,test,EEG TP7,0.000203,0.000292,0.000241,8e-06,0.000241
7.edf,test,EEG TP8,0.000162,0.000306,0.000237,1e-05,0.000237
7.edf,test,EEG PO7,0.000158,0.000268,0.000216,9e-06,0.000217
7.edf,test,EEG PO8,0.00015,0.000262,0.000209,9e-06,0.000209
7.edf,test,EEG FT9,0.0,0.000167,0.000111,1e-05,0.000111
7.edf,test,EEG FT10,-4.7e-05,0.000211,0.000117,1e-05,0.000117
7.edf,test,EEG TPP9h,-0.000148,2.6e-05,-2.9e-05,9e-06,3e-05
7.edf,test,EEG TPP10h,-6.6e-05,0.000173,0.000114,1.1e-05,0.000114
7.edf,test,EEG PO9,4.2e-05,0.000183,0.000123,9e-06,0.000123
7.edf,test,EEG PO10,-0.000128,-1.5e-05,-7.2e-05,1e-05,7.2e-05
7.edf,test,EEG P9,1.5e-05,0.000175,0.00011,9e-06,0.000111
7.edf,test,EEG P10,2.4e-05,0.000166,0.000102,1.3e-05,0.000103
7.edf,test,EEG AFF1,5.7e-05,0.000185,0.000113,8e-06,0.000114
7.edf,test,EEG AFz,-0.000118,3.2e-05,-4.8e-05,9e-06,4.9e-05
7.edf,test,EEG AFF2,1.7e-05,0.000156,7.7e-05,9e-06,7.7e-05
7.edf,test,EEG FFC5h,-0.000181,0.000119,-5.2e-05,7e-06,5.2e-05
7.edf,test,EEG FFC3h,-9.2e-05,3.7e-05,-4.6e-05,6e-06,4.6e-05
7.edf,test,EEG FFC4h,2.5e-05,0.00018,8.4e-05,7e-06,8.5e-05
7.edf,test,EEG FFC6h,-0.000222,0.000221,-5.6e-05,1e-05,5.7e-05
7.edf,test,EEG FCC5h,-5.5e-05,0.000251,9.3e-05,7e-06,9.3e-05
7.edf,test,EEG FCC3h,0.000151,0.000225,0.00019,4e-06,0.00019
7.edf,test,EEG FCC4h,0.000108,0.000245,0.000163,5e-06,0.000163
7.edf,test,EEG FCC6h,-9.3e-05,0.000334,7.9e-05,7e-06,7.9e-05
7.edf,test,EEG CCP5h,0.000127,0.000208,0.000174,6e-06,0.000174
7.edf,test,EEG CCP3h,0.000132,0.000191,0.000164,4e-06,0.000164
7.edf,test,EEG CCP4h,0.000156,0.00023,0.000185,4e-06,0.000185
7.edf,test,EEG CCP6h,0.000135,0.000314,0.000212,7e-06,0.000212
7.edf,test,EEG CPP5h,0.000154,0.000222,0.000188,7e-06,0.000188
7.edf,test,EEG CPP3h,0.000148,0.00021,0.000178,6e-06,0.000178
7.edf,test,EEG CPP4h,0.000164,0.000224,0.000195,5e-06,0.000195
7.edf,test,EEG CPP6h,0.000118,0.000197,0.000158,7e-06,0.000158
7.edf,test,EEG PPO1,0.000129,0.000206,0.000167,7e-06,0.000167
7.edf,test,EEG PPO2,0.000132,0.000215,0.00018,7e-06,0.00018
7.edf,test,EEG I1,0.00014,0.000277,0.00021,1e-05,0.00021
7.edf,test,EEG Iz,0.000126,0.00026,0.000192,1e-05,0.000192
7.edf,test,EEG I2,9e-05,0.00022,0.000154,1e-05,0.000154
7.edf,test,EEG AFp3h,-0.000272,-2.4e-05,-0.000134,1.2e-05,0.000135
7.edf,test,EEG AFp4h,-0.000271,-1.6e-05,-0.000152,1.2e-05,0.000152
7.edf,test,EEG AFF5h,-0.000246,2.4e-05,-0.000112,1.2e-05,0.000112
7.edf,test,EEG AFF6h,-0.000269,0.000106,-0.000103,1.2e-05,0.000104
7.edf,test,EEG FFT7h,-0.000378,4e-06,-0.000123,9e-06,0.000123
7.edf,test,EEG FFC1h,-0.000154,-6.6e-05,-0.000119,6e-06,0.000119
7.edf,test,EEG FFC2h,-9.3e-05,4e-06,-5.3e-05,6e-06,5.3e-05
7.edf,test,EEG FFT8h,-0.000543,0.000189,-0.000128,1.3e-05,0.000128
7.edf,test,EEG FTT9h,-0.000206,-6.2e-05,-0.000118,1e-05,0.000119
7.edf,test,EEG FTT7h,-0.0003,-2.9e-05,-0.000122,1.1e-05,0.000123
7.edf,test,EEG FCC1h,-0.000125,-8.7e-05,-0.00011,3e-06,0.000111
7.edf,test,EEG FCC2h,-0.000164,-0.000117,-0.000134,3e-06,0.000134
7.edf,test,EEG FTT8h,-0.000463,4.9e-05,-0.000114,1.3e-05,0.000115
7.edf,test,EEG FTT10h,-0.000323,-3.7e-05,-0.000133,1e-05,0.000133
7.edf,test,EEG TTP7h,-0.000153,-6.7e-05,-0.00011,7e-06,0.00011
7.edf,test,EEG CCP1h,-0.000103,-7.9e-05,-8.9e-05,2e-06,9e-05
7.edf,test,EEG CCP2h,0.000213,0.00024,0.000228,2e-06,0.000228
7.edf,test,EEG TTP8h,0.000113,0.000291,0.000232,9e-06,0.000232
7.edf,test,EEG TPP7h,-5.7e-05,3.8e-05,-2.1e-05,7e-06,2.2e-05
7.edf,test,EEG CPP1h,0.000171,0.000225,0.000198,4e-06,0.000198
7.edf,test,EEG CPP2h,0.000177,0.000235,0.000207,5e-06,0.000207
7.edf,test,EEG TPP8h,0.000153,0.000291,0.000199,8e-06,0.000199
7.edf,test,EEG PPO9h,8.3e-05,0.000289,0.000224,9e-06,0.000224
7.edf,test,EEG PPO5h,0.000174,0.000254,0.00021,7e-06,0.00021
7.edf,test,EEG PPO6h,0.000146,0.000235,0.000192,8e-06,0.000193
7.edf,test,EEG PPO10h,0.000112,0.000269,0.000215,1e-05,0.000216
7.edf,test,EEG POO9h,0.000108,0.000244,0.000182,1e-05,0.000182
7.edf,test,EEG POO3h,0.000161,0.000258,0.000204,8e-06,0.000204
7.edf,test,EEG POO4h,0.000166,0.000267,0.000213,8e-06,0.000213
7.edf,test,EEG POO10h,0.000141,0.000256,0.000193,9e-06,0.000193
7.edf,test,EEG OI1h,0.000137,0.000262,0.000196,1e-05,0.000196
7.edf,test,EEG OI2h,0.000142,0.000267,0.000198,1e-05,0.000198
8.edf,test,EEG Fp1,-0.000156,0.000346,-1.1e-05,3.8e-05,3.9e-05
8.edf,test,EEG Fp2,-0.000153,0.000247,-3.4e-05,3.1e-05,4.6e-05
8.edf,test,EEG Fpz,-0.000157,0.000332,-1.1e-05,3.9e-05,4.1e-05
8.edf,test,EEG F7,-0.000318,0.000178,-1.9e-05,1.8e-05,2.6e-05
8.edf,test,EEG F3,-0.000115,0.000178,1.4e-05,1.1e-05,1.8e-05
8.edf,test,EEG Fz,-3e-06,0.00016,6.8e-05,1.3e-05,6.9e-05
8.edf,test,EEG F4,-0.000101,8.2e-05,-1.3e-05,1.4e-05,1.9e-05
8.edf,test,EEG F8,-0.000197,0.000174,-2.5e-05,2e-05,3.2e-05
8.edf,test,EEG FC5,-0.000179,0.000201,-6e-06,1.2e-05,1.4e-05
8.edf,test,EEG FC1,-9.7e-05,4.3e-05,-2.3e-05,8e-06,2.5e-05
8.edf,test,EEG FC2,1.5e-05,0.000101,5.4e-05,7e-06,5.4e-05
8.edf,test,EEG FC6,-0.000308,0.000351,-2.6e-05,1.5e-05,3e-05
8.edf,test,EEG M1,-0.000121,0.000152,-2.4e-05,1.6e-05,2.9e-05
8.edf,test,EEG T7,-0.000134,8.7e-05,-9e-06,1.6e-05,1.9e-05
8.edf,test,EEG C3,-0.000124,7.2e-05,-2.5e-05,1e-05,2.7e-05
8.edf,test,EEG Cz,2.6e-05,3.2e-05,2.9e-05,1e-06,2.9e-05
8.edf,test,EEG C4,8e-05,0.000302,0.000165,9e-06,0.000165
8.edf,test,EEG T8,-8.3e-05,0.000359,0.000175,1.7e-05,0.000176
8.edf,test,EEG M2,-0.000267,0.000252,-0.0,1.8e-05,1.8e-05
8.edf,test,EEG CP5,4.9e-05,0.000287,0.000162,1.2e-05,0.000162
8.edf,test,EEG CP1,0.000148,0.00023,0.000187,7e-06,0.000187
8.edf,test,EEG CP2,0.000155,0.000233,0.000193,7e-06,0.000194
8.edf,test,EEG CP6,2.9e-05,0.000358,0.000152,1.5e-05,0.000153
8.edf,test,EEG P7,7.5e-05,0.000268,0.000171,1.6e-05,0.000172
8.edf,test,EEG P3,0.000117,0.000252,0.00018,1.2e-05,0.00018
8.edf,test,EEG Pz,0.000111,0.000226,0.000164,1e-05,0.000164
8.edf,test,EEG P4,8e-05,0.00022,0.00015,1.3e-05,0.00015
8.edf,test,EEG P8,8.1e-05,0.000248,0.000168,1.5e-05,0.000169
8.edf,test,EEG POz,6.1e-05,0.000228,0.000145,1.4e-05,0.000145
8.edf,test,EEG O1,3.7e-05,0.000352,0.000184,1.7e-05,0.000185
8.edf,test,EEG Oz,-9e-06,0.000264,0.000159,1.8e-05,0.00016
8.edf,test,EEG O2,9.2e-05,0.000264,0.000172,1.5e-05,0.000172
8.edf,test,EOG EOGh,-0.000766,0.001568,0.000188,0.000108,0.000217
8.edf,test,EOG EOGv,-0.000328,0.000386,-0.000122,5.6e-05,0.000134
8.edf,test,EMG EMG_RH,-0.000376,0.000737,0.000183,2.8e-05,0.000185
8.edf,test,EMG EMG_LH,-0.000302,3.4e-05,-0.000127,1.3e-05,0.000127
8.edf,test,EMG EMG_RF,-0.000394,3.4e-05,-0.000116,1.8e-05,0.000117
8.edf,test,EEG AF7,-0.000235,0.000329,3e-06,3e-05,3e-05
8.edf,test,EEG AF3,-0.000111,0.000169,9e-06,2.1e-05,2.3e-05
8.edf,test,EEG AF4,-8.4e-05,0.000158,-0.0,2.1e-05,2.1e-05
8.edf,test,EEG AF8,-3.5e-05,0.000398,0.000109,3.6e-05,0.000115
8.edf,test,EEG F5,-0.000305,0.000293,-5.5e-05,2e-05,5.9e-05
8.edf,test,EEG F1,-0.000135,5e-05,-3.3e-05,1.2e-05,3.5e-05
8.edf,test,EEG F2,3.4e-05,0.000177,9.1e-05,1.3e-05,9.2e-05
8.edf,test,EEG F6,-0.00014,0.00014,-3.7e-05,1.9e-05,4.2e-05
8.edf,test,EEG FC3,-0.000174,0.000141,-3.5e-05,1.1e-05,3.6e-05
8.edf,test,EEG FCz,-5.7e-05,2.9e-05,-1.6e-05,7e-06,1.8e-05
8.edf,test,EEG FC4,-5.9e-05,0.000152,1.9e-05,1e-05,2.2e-05
8.edf,test,EEG C5,-0.000229,0.000189,-6e-05,1.6e-05,6.2e-05
8.edf,test,EEG C1,-8.2e-05,-5e-06,-3.9e-05,5e-06,4e-05
8.edf,test,EEG C2,-6.9e-05,2e-06,-4.2e-05,5e-06,4.2e-05
8.edf,test,EEG C6,-0.000355,0.00043,-4.4e-05,1.6e-05,4.7e-05
8.edf,test,EEG CP3,-9.7e-05,3.1e-05,-3e-05,1e-05,3.2e-05
8.edf,test,EEG CPz,0.000196,0.000262,0.000227,6e-06,0.000227
8.edf,test,EEG CP4,0.000188,0.000215,0.000202,3e-06,0.000202
8.edf,test,EEG P5,-4.9e-05,8.4e-05,1.6e-05,1.3e-05,2.1e-05
8.edf,test,EEG P1,0.000163,0.000283,0.000221,1e-05,0.000222
8.edf,test,EEG P2,0.000184,0.000291,0.000231,1.1e-05,0.000231
8.edf,test,EEG P6,0.000118,0.00027,0.000189,1.3e-05,0.00019
8.edf,test,EEG PO5,0.00014,0.00032,0.000227,1.5e-05,0.000227
8.edf,test,EEG PO3,0.000154,0.000328,0.000234,1.5e-05,0.000235
8.edf,test,EEG PO4,0.000122,0.000274,0.000197,1.5e-05,0.000197
8.edf,test,EEG PO6,0.00013,0.000284,0.000205,1.3e-05,0.000205
8.edf,test,EEG FT7,7.6e-05,0.000373,0.000224,1.5e-05,0.000225
8.edf,test,EEG FT8,-2.6e-05,0.000413,0.000204,1.6e-05,0.000205
8.edf,test,EEG TP7,0.000148,0.00034,0.000244,1.5e-05,0.000244
8.edf,test,EEG TP8,5.8e-05,0.000401,0.000241,1.6e-05,0.000241
8.edf,test,EEG PO7,0.000136,0.000314,0.000222,1.5e-05,0.000222
8.edf,test,EEG PO8,0.000118,0.000296,0.000214,1.6e-05,0.000214
8.edf,test,EEG FT9,1e-06,0.000256,0.000112,1.6e-05,0.000114
8.edf,test,EEG FT10,-3.8e-05,0.000244,0.00011,1.5e-05,0.000111
8.edf,test,EEG TPP9h,-0.000183,8.3e-05,-2.7e-05,1.6e-05,3.1e-05
8.edf,test,EEG TPP10h,4e-06,0.000199,0.000115,1.5e-05,0.000116
8.edf,test,EEG PO9,-1.8e-05,0.000287,0.000127,1.7e-05,0.000128
8.edf,test,EEG PO10,-0.00016,7.7e-05,-6.8e-05,1.6e-05,7e-05
8.edf,test,EEG P9,1.7e-05,0.000236,0.000114,1.6e-05,0.000115
8.edf,test,EEG P10,-2e-06,0.000191,0.000107,1.5e-05,0.000108
8.edf,test,EEG AFF1,2.5e-05,0.000246,0.000117,1.6e-05,0.000118
8.edf,test,EEG AFz,-0.000119,0.000119,-4.3e-05,2.1e-05,4.8e-05
8.edf,test,EEG AFF2,2.2e-05,0.000199,8.1e-05,1.6e-05,8.3e-05
8.edf,test,EEG FFC5h,-0.000188,0.000129,-4.8e-05,1.1e-05,5e-05
8.edf,test,EEG FFC3h,-0.000169,0.000119,-4.2e-05,1.1e-05,4.3e-05
8.edf,test,EEG FFC4h,3.6e-05,0.000162,8.6e-05,1.1e-05,8.7e-05
8.edf,test,EEG FFC6h,-0.000154,0.000134,-5.1e-05,1.4e-05,5.3e-05
8.edf,test,EEG FCC5h,-7.8e-05,0.000307,9.7e-05,1.2e-05,9.8e-05
8.edf,test,EEG FCC3h,6.1e-05,0.00036,0.000195,1.1e-05,0.000195
8.edf,test,EEG FCC4h,0.00011,0.000257,0.000169,7e-06,0.00017
8.edf,test,EEG FCC6h,-0.000113,0.000395,8.5e-05,1.2e-05,8.5e-05
8.edf,test,EEG CCP5h,6.4e-05,0.00031,0.00018,1.2e-05,0.00018
8.edf,test,EEG CCP3h,0.000116,0.000213,0.000168,8e-06,0.000168
8.edf,test,EEG CCP4h,0.000141,0.000261,0.000188,7e-06,0.000188
8.edf,test,EEG CCP6h,9.7e-05,0.000406,0.000218,1.2e-05,0.000219
8.edf,test,EEG CPP5h,0.000126,0.00026,0.000194,1.3e-05,0.000194
8.edf,test,EEG CPP3h,0.000127,0.000239,0.000182,1e-05,0.000183
8.edf,test,EEG CPP4h,0.000146,0.000249,0.000197,9e-06,0.000197
8.edf,test,EEG CPP6h,9.3e-05,0.000248,0.000162,1.2e-05,0.000162
8.edf,test,EEG PPO1,9.6e-05,0.00024,0.000169,1.3e-05,0.000169
8.edf,test,EEG PPO2,0.000122,0.000252,0.000186,1.2e-05,0.000186
8.edf,test,EEG I1,-7.9e-05,0.000585,0.000213,2.1e-05,0.000214
8.edf,test,EEG Iz,4.9e-05,0.000514,0.000194,1.9e-05,0.000195
8.edf,test,EEG I2,6.9e-05,0.000396,0.000161,1.7e-05,0.000162
8.edf,test,EEG AFp3h,-0.000226,0.000105,-0.000131,2.7e-05,0.000134
8.edf,test,EEG AFp4h,-0.000246,6.7e-05,-0.00015,2.6e-05,0.000152
8.edf,test,EEG AFF5h,-0.000277,0.000105,-0.000108,2e-05,0.00011
8.edf,test,EEG AFF6h,-0.000177,4.4e-05,-0.0001,1.9e-05,0.000101
8.edf,test,EEG FFT7h,-0.000269,2.8e-05,-0.000119,1.5e-05,0.00012
8.edf,test,EEG FFC1h,-0.000219,-3.7e-05,-0.000118,1.2e-05,0.000118
8.edf,test,EEG FFC2h,-9.7e-05,1.2e-05,-4.9e-05,1e-05,5e-05
8.edf,test,EEG FFT8h,-0.000271,2.6e-05,-0.000124,1.9e-05,0.000125
8.edf,test,EEG FTT9h,-0.000261,3.4e-05,-0.000113,1.5e-05,0.000114
8.edf,test,EEG FTT7h,-0.000309,3.2e-05,-0.00012,1.8e-05,0.000121
8.edf,test,EEG FCC1h,-0.000146,-7.9e-05,-0.000107,5e-06,0.000107
8.edf,test,EEG FCC2h,-0.000151,-9.6e-05,-0.000129,4e-06,0.000129
8.edf,test,EEG FTT8h,-0.000458,8.9e-05,-0.000109,1.7e-05,0.00011
8.edf,test,EEG FTT10h,-0.000331,4.7e-05,-0.000128,1.5e-05,0.000129
8.edf,test,EEG TTP7h,-0.000204,2e-06,-0.000106,1.3e-05,0.000106
8.edf,test,EEG CCP1h,-0.00011,-6e-05,-8.8e-05,4e-06,8.8e-05
8.edf,test,EEG CCP2h,0.000209,0.000276,0.000234,5e-06,0.000234
8.edf,test,EEG TTP8h,2e-05,0.000402,0.000239,1.9e-05,0.000239
8.edf,test,EEG TPP7h,-9e-05,6.6e-05,-1.6e-05,1.4e-05,2.2e-05
8.edf,test,EEG CPP1h,0.000165,0.000259,0.000205,8e-06,0.000205
8.edf,test,EEG CPP2h,0.000172,0.000264,0.000214,8e-06,0.000214
8.edf,test,EEG TPP8h,9.5e-05,0.000338,0.000205,1.5e-05,0.000205
8.edf,test,EEG PPO9h,9e-05,0.000365,0.000227,1.7e-05,0.000228
8.edf,test,EEG PPO5h,0.000131,0.000311,0.000216,1.5e-05,0.000217
8.edf,test,EEG PPO6h,0.000126,0.000276,0.0002,1.3e-05,0.0002
8.edf,test,EEG PPO10h,0.000134,0.0003,0.00022,1.5e-05,0.000221
8.edf,test,EEG POO9h,-0.000152,0.000501,0.000188,2.1e-05,0.00019
8.edf,test,EEG POO3h,0.000118,0.000342,0.0002,1.6e-05,0.000201
8.edf,test,EEG POO4h,0.000136,0.000301,0.000216,1.4e-05,0.000216
8.edf,test,EEG POO10h,0.000108,0.000427,0.000201,1.7e-05,0.000202
8.edf,test,EEG OI1h,6e-06,0.000433,0.000193,2e-05,0.000194
8.edf,test,EEG OI2h,8.5e-05,0.000318,0.000198,1.7e-05,0.000199
9.edf,test,EEG Fp1,-0.000144,0.000217,-7e-06,2.3e-05,2.4e-05
9.edf,test,EEG Fp2,-0.000164,0.000184,-3e-05,2.2e-05,3.7e-05
9.edf,test,EEG Fpz,-0.000147,0.00022,-5e-06,2.3e-05,2.3e-05
9.edf,test,EEG F7,-0.000413,0.000385,-1.7e-05,1.2e-05,2.1e-05
9.edf,test,EEG F3,-7e-05,7.8e-05,1.5e-05,9e-06,1.8e-05
9.edf,test,EEG Fz,1.9e-05,0.00013,6.9e-05,9e-06,6.9e-05
9.edf,test,EEG F4,-4.8e-05,1.8e-05,-1.5e-05,6e-06,1.6e-05
9.edf,test,EEG F8,-0.000127,7.5e-05,-2.4e-05,1.3e-05,2.7e-05
9.edf,test,EEG FC5,-0.000133,0.000104,-3e-06,9e-06,1e-05
9.edf,test,EEG FC1,-5.8e-05,7e-06,-2.4e-05,5e-06,2.4e-05
9.edf,test,EEG FC2,2.5e-05,8.6e-05,5.6e-05,6e-06,5.6e-05
9.edf,test,EEG FC6,-0.000105,6.5e-05,-2.6e-05,1e-05,2.8e-05
9.edf,test,EEG M1,-8.6e-05,6.2e-05,-2e-05,1.2e-05,2.3e-05
9.edf,test,EEG T7,-0.000205,7.7e-05,-9e-06,1.2e-05,1.5e-05
9.edf,test,EEG C3,-8.2e-05,1.1e-05,-2.6e-05,6e-06,2.7e-05
9.edf,test,EEG Cz,2.8e-05,3.3e-05,3e-05,1e-06,3e-05
9.edf,test,EEG C4,0.000101,0.000225,0.000168,6e-06,0.000168
9.edf,test,EEG T8,3e-05,0.000308,0.000179,1.3e-05,0.00018
9.edf,test,EEG M2,-8.4e-05,9.5e-05,2e-06,1.2e-05,1.3e-05
9.edf,test,EEG CP5,0.000114,0.000216,0.000163,9e-06,0.000163
9.edf,test,EEG CP1,0.000166,0.000216,0.000189,5e-06,0.000189
9.edf,test,EEG CP2,0.000174,0.000231,0.000196,5e-06,0.000197
9.edf,test,EEG CP6,7.9e-05,0.000279,0.000152,9e-06,0.000152
9.edf,test,EEG P7,7.1e-05,0.000236,0.000175,1.1e-05,0.000175
9.edf,test,EEG P3,0.000143,0.000228,0.000181,8e-06,0.000182
9.edf,test,EEG Pz,0.000138,0.000197,0.000167,6e-06,0.000167
9.edf,test,EEG P4,9.5e-05,0.000208,0.000152,9e-06,0.000152
9.edf,test,EEG P8,0.000111,0.000243,0.00017,1e-05,0.000171
9.edf,test,EEG POz,8.2e-05,0.000208,0.000149,1.1e-05,0.000149
9.edf,test,EEG O1,0.000129,0.000265,0.000194,1.1e-05,0.000195
9.edf,test,EEG Oz,0.000101,0.00025,0.00017,1.3e-05,0.00017
9.edf,test,EEG O2,9.7e-05,0.000272,0.000175,1.3e-05,0.000176
9.edf,test,EOG EOGh,-0.000928,0.001325,0.000216,9.7e-05,0.000237
9.edf,test,EOG EOGv,-0.000436,0.000402,-0.000118,4.6e-05,0.000127
9.edf,test,EMG EMG_RH,-0.000618,0.000642,0.000183,2.7e-05,0.000185
9.edf,test,EMG EMG_LH,-0.000561,0.00033,-0.000126,1.9e-05,0.000128
9.edf,test,EMG EMG_RF,-0.000315,-2.6e-05,-0.000117,1.6e-05,0.000118
9.edf,test,EEG AF7,-0.000285,0.000247,7e-06,2.1e-05,2.2e-05
9.edf,test,EEG AF3,-7.4e-05,0.000142,1.2e-05,1.5e-05,1.9e-05
9.edf,test,EEG AF4,-7.5e-05,0.000114,2e-06,1.3e-05,1.3e-05
9.edf,test,EEG AF8,0.0,0.000296,0.000113,1.9e-05,0.000114
9.edf,test,EEG F5,-0.000272,0.000135,-5.1e-05,1.2e-05,5.3e-05
9.edf,test,EEG F1,-8e-05,1.4e-05,-3.3e-05,8e-06,3.4e-05
9.edf,test,EEG F2,5.7e-05,0.00013,9.3e-05,7e-06,9.3e-05
9.edf,test,EEG F6,-0.000103,6.8e-05,-3.7e-05,1.2e-05,3.9e-05
9.edf,test,EEG FC3,-9.3e-05,2e-05,-3.4e-05,6e-06,3.4e-05
9.edf,test,EEG FCz,-4e-05,9e-06,-1.5e-05,5e-06,1.6e-05
9.edf,test,EEG FC4,-2.5e-05,7.5e-05,2.2e-05,7e-06,2.3e-05
9.edf,test,EEG C5,-0.000145,1e-06,-6e-05,9e-06,6.1e-05
9.edf,test,EEG C1,-5.4e-05,-2.4e-05,-3.9e-05,3e-06,3.9e-05
9.edf,test,EEG C2,-5.8e-05,-2.1e-05,-4.2e-05,4e-06,4.2e-05
9.edf,test,EEG C6,-0.000209,9.6e-05,-4.3e-05,9e-06,4.4e-05
9.edf,test,EEG CP3,-5.9e-05,1e-05,-2.8e-05,6e-06,2.9e-05
9.edf,test,EEG CPz,0.000215,0.000247,0.000228,3e-06,0.000228
9.edf,test,EEG CP4,0.000159,0.000256,0.000204,7e-06,0.000204
9.edf,test,EEG P5,-2.3e-05,6.4e-05,1.7e-05,8e-06,1.9e-05
9.edf,test,EEG P1,0.000179,0.000266,0.000224,8e-06,0.000224
9.edf,test,EEG P2,0.000192,0.000284,0.000237,8e-06,0.000237
9.edf,test,EEG P6,0.000118,0.000265,0.000191,1e-05,0.000191
9.edf,test,EEG PO5,0.000166,0.000288,0.000228,1.1e-05,0.000228
9.edf,test,EEG PO3,0.000177,0.000297,0.000238,1.1e-05,0.000238
9.edf,test,EEG PO4,0.000117,0.000283,0.000202,1.2e-05,0.000202
9.edf,test,EEG PO6,0.00012,0.000289,0.000207,1.2e-05,0.000207
9.edf,test,EEG FT7,0.000161,0.000317,0.000229,1.1e-05,0.000229
9.edf,test,EEG FT8,0.000129,0.000272,0.000207,1.1e-05,0.000208
9.edf,test,EEG TP7,0.000169,0.000321,0.000247,1.1e-05,0.000247
9.edf,test,EEG TP8,0.000146,0.000329,0.000243,1.1e-05,0.000243
9.edf,test,EEG PO7,0.000162,0.000285,0.000224,1.1e-05,0.000225
9.edf,test,EEG PO8,0.000105,0.000327,0.000215,1.3e-05,0.000215
9.edf,test,EEG FT9,5e-05,0.000205,0.000116,1.1e-05,0.000117
9.edf,test,EEG FT10,5.8e-05,0.000186,0.000124,1.1e-05,0.000124
9.edf,test,EEG TPP9h,-8.1e-05,4.6e-05,-2.5e-05,1.2e-05,2.7e-05
9.edf,test,EEG TPP10h,2.9e-05,0.000201,0.000119,1.2e-05,0.000119
9.edf,test,EEG PO9,4.9e-05,0.000193,0.000131,1.1e-05,0.000131
9.edf,test,EEG PO10,-0.000156,4e-05,-6.7e-05,1.2e-05,6.8e-05
9.edf,test,EEG P9,6.1e-05,0.000188,0.000118,1.2e-05,0.000118
9.edf,test,EEG P10,4e-05,0.0002,0.000109,1.2e-05,0.00011
9.edf,test,EEG AFF1,5.6e-05,0.000211,0.000118,1.1e-05,0.000118
9.edf,test,EEG AFz,-0.000126,9.3e-05,-4e-05,1.5e-05,4.2e-05
9.edf,test,EEG AFF2,2.2e-05,0.000169,8.4e-05,1.1e-05,8.5e-05
9.edf,test,EEG FFC5h,-0.000233,0.000112,-5e-05,1e-05,5.1e-05
9.edf,test,EEG FFC3h,-0.000126,2.1e-05,-4.1e-05,9e-06,4.2e-05
9.edf,test,EEG FFC4h,5.4e-05,0.000116,8.5e-05,6e-06,8.5e-05
9.edf,test,EEG FFC6h,-0.000116,1.5e-05,-5.1e-05,1e-05,5.2e-05
9.edf,test,EEG FCC5h,-6e-06,0.000188,9.9e-05,8e-06,9.9e-05
9.edf,test,EEG FCC3h,0.000138,0.00025,0.000197,6e-06,0.000197
9.edf,test,EEG FCC4h,0.000135,0.000206,0.00017,5e-06,0.00017
9.edf,test,EEG FCC6h,-1.9e-05,0.000185,8.6e-05,8e-06,8.6e-05
9.edf,test,EEG CCP5h,0.000138,0.000227,0.000182,7e-06,0.000182
9.edf,test,EEG CCP3h,0.000144,0.000196,0.00017,5e-06,0.00017
9.edf,test,EEG CCP4h,0.000156,0.000228,0.000189,5e-06,0.000189
9.edf,test,EEG CCP6h,0.000147,0.000293,0.000219,8e-06,0.000219
9.edf,test,EEG CPP5h,0.000158,0.000243,0.000197,8e-06,0.000197
9.edf,test,EEG CPP3h,0.000156,0.000217,0.000183,6e-06,0.000183
9.edf,test,EEG CPP4h,0.000167,0.000247,0.000201,7e-06,0.000201
9.edf,test,EEG CPP6h,0.000114,0.000221,0.000162,9e-06,0.000162
9.edf,test,EEG PPO1,0.000127,0.000217,0.000175,8e-06,0.000175
9.edf,test,EEG PPO2,0.000143,0.000237,0.000189,8e-06,0.00019
9.edf,test,EEG I1,0.000133,0.000289,0.000219,1.1e-05,0.000219
9.edf,test,EEG Iz,0.000135,0.000281,0.000199,1.2e-05,0.000199
9.edf,test,EEG I2,8.5e-05,0.000261,0.000164,1.2e-05,0.000164
9.edf,test,EEG AFp3h,-0.000238,4.3e-05,-0.000128,1.8e-05,0.00013
9.edf,test,EEG AFp4h,-0.000268,4e-05,-0.000148,2e-05,0.00015
9.edf,test,EEG AFF5h,-0.000253,8e-06,-0.000107,1.4e-05,0.000108
9.edf,test,EEG AFF6h,-0.000175,1e-05,-9.8e-05,1.3e-05,9.9e-05
9.edf,test,EEG FFT7h,-0.000475,0.000219,-0.000116,1.1e-05,0.000117
9.edf,test,EEG FFC1h,-0.000165,-7.2e-05,-0.000118,7e-06,0.000118
9.edf,test,EEG FFC2h,-8.3e-05,-1.2e-05,-4.8e-05,6e-06,4.8e-05
9.edf,test,EEG FFT8h,-0.000208,-2.9e-05,-0.000124,1.1e-05,0.000125
9.edf,test,EEG FTT9h,-0.000178,-2.3e-05,-0.00011,1.1e-05,0.000111
9.edf,test,EEG FTT7h,-0.000274,3e-06,-0.000117,1e-05,0.000118
9.edf,test,EEG FCC1h,-0.000129,-8.9e-05,-0.000106,3e-06,0.000106
9.edf,test,EEG FCC2h,-0.000153,-0.000105,-0.000129,5e-06,0.000129
9.edf,test,EEG FTT8h,-0.000275,9e-05,-0.000109,1.1e-05,0.000109
9.edf,test,EEG FTT10h,-0.000197,-6.5e-05,-0.000127,1.1e-05,0.000127
9.edf,test,EEG TTP7h,-0.000213,-3.1e-05,-0.000105,1e-05,0.000106
9.edf,test,EEG CCP1h,-9.7e-05,-7.4e-05,-8.6e-05,2e-06,8.6e-05
9.edf,test,EEG CCP2h,0.000222,0.000254,0.000235,3e-06,0.000235
9.edf,test,EEG TTP8h,0.000215,0.000264,0.000239,4e-06,0.000239
9.edf,test,EEG TPP7h,-6.3e-05,3.8e-05,-1.5e-05,9e-06,1.8e-05
9.edf,test,EEG CPP1h,0.000179,0.000237,0.000207,6e-06,0.000207
9.edf,test,EEG CPP2h,0.000188,0.00025,0.000217,6e-06,0.000217
9.edf,test,EEG TPP8h,0.000147,0.000278,0.000206,1e-05,0.000207
9.edf,test,EEG PPO9h,0.000127,0.000292,0.00023,1.1e-05,0.00023
9.edf,test,EEG PPO5h,0.000178,0.000266,0.000218,8e-06,0.000219
9.edf,test,EEG PPO6h,0.000134,0.000267,0.0002,1e-05,0.0002
9.edf,test,EEG PPO10h,0.000134,0.00033,0.000224,1.3e-05,0.000224
9.edf,test,EEG POO9h,0.00013,0.000264,0.000193,1.1e-05,0.000193
9.edf,test,EEG POO3h,0.000147,0.000278,0.00021,1.2e-05,0.00021
9.edf,test,EEG POO4h,0.000143,0.000305,0.00022,1.4e-05,0.000221
9.edf,test,EEG POO10h,0.000128,0.000299,0.000203,1.2e-05,0.000203
9.edf,test,EEG OI1h,0.000144,0.000282,0.000205,1.2e-05,0.000206
9.edf,test,EEG OI2h,0.000146,0.000295,0.000208,1.2e-05,0.000208
10.edf,test,EEG Fp1,-0.000229,0.000429,-1.1e-05,2.1e-05,2.4e-05
10.edf,test,EEG Fp2,-0.000187,0.000339,-3.1e-05,1.8e-05,3.6e-05
10.edf,test,EEG Fpz,-0.000227,0.000435,-1.2e-05,2.9e-05,3.2e-05
10.edf,test,EEG F7,-0.000215,0.000122,-1.8e-05,8e-06,2e-05
10.edf,test,EEG F3,-6.1e-05,0.000117,1.2e-05,7e-06,1.4e-05
10.edf,test,EEG Fz,2.2e-05,0.000168,6.6e-05,7e-06,6.6e-05
10.edf,test,EEG F4,-9.1e-05,0.00017,-1.6e-05,1.2e-05,2e-05
10.edf,test,EEG F8,-0.000181,0.000111,-2.5e-05,1e-05,2.7e-05
10.edf,test,EEG FC5,-0.000232,0.000157,-8e-06,7e-06,1.1e-05
10.edf,test,EEG FC1,-6.4e-05,1.2e-05,-2.6e-05,4e-06,2.7e-05
10.edf,test,EEG FC2,3.4e-05,8.9e-05,5.4e-05,4e-06,5.4e-05
10.edf,test,EEG FC6,-0.000115,9.3e-05,-2.7e-05,7e-06,2.8e-05
10.edf,test,EEG M1,-0.000123,5.6e-05,-2.2e-05,1.2e-05,2.5e-05
10.edf,test,EEG T7,-0.00023,8.2e-05,-1.1e-05,8e-06,1.3e-05
10.edf,test,EEG C3,-7e-05,5.9e-05,-2.7e-05,4e-06,2.7e-05
10.edf,test,EEG Cz,2.4e-05,2.9e-05,2.6e-05,1e-06,2.6e-05
10.edf,test,EEG C4,0.000131,0.000209,0.000167,6e-06,0.000167
10.edf,test,EEG T8,-1.9e-05,0.000279,0.000177,1.2e-05,0.000178
10.edf,test,EEG M2,-8.7e-05,0.000109,2e-06,1.1e-05,1.1e-05
10.edf,test,EEG CP5,5.2e-05,0.000329,0.000161,6e-06,0.000162
10.edf,test,EEG CP1,0.000153,0.000213,0.000183,4e-06,0.000183
10.edf,test,EEG CP2,0.000162,0.000214,0.000192,5e-06,0.000192
10.edf,test,EEG CP6,0.000105,0.000196,0.000148,7e-06,0.000148
10.edf,test,EEG P7,0.000108,0.000229,0.000171,8e-06,0.000172
10.edf,test,EEG P3,0.000139,0.000214,0.000178,6e-06,0.000178
10.edf,test,EEG Pz,0.00013,0.000198,0.000165,5e-06,0.000165
10.edf,test,EEG P4,0.000107,0.000189,0.000151,7e-06,0.000151
10.edf,test,EEG P8,0.000113,0.000222,0.000168,8e-06,0.000169
10.edf,test,EEG POz,0.0001,0.000199,0.000148,7e-06,0.000148
10.edf,test,EEG O1,0.000131,0.000245,0.000187,8e-06,0.000188
10.edf,test,EEG Oz,0.000113,0.000233,0.000169,8e-06,0.000169
10.edf,test,EEG O2,0.00011,0.000235,0.000172,8e-06,0.000172
10.edf,test,EOG EOGh,-0.002175,0.002365,0.000162,9.8e-05,0.00019
10.edf,test,EOG EOGv,-0.00062,0.000976,-0.000119,5.4e-05,0.000131
10.edf,test,EMG EMG_RH,-0.000386,0.000542,0.000177,2.4e-05,0.000179
10.edf,test,EMG EMG_LH,-0.000329,2.8e-05,-0.000129,1.2e-05,0.000129
10.edf,test,EMG EMG_RF,-0.000215,3.2e-05,-0.000124,1.8e-05,0.000126
10.edf,test,EEG AF7,-0.000166,0.000446,3e-06,1.7e-05,1.7e-05
10.edf,test,EEG AF3,-7.5e-05,0.000197,1e-05,1.1e-05,1.5e-05
10.edf,test,EEG AF4,-0.00028,0.000222,1e-06,1.5e-05,1.5e-05
10.edf,test,EEG AF8,-8.4e-05,0.000455,0.000107,2e-05,0.000109
10.edf,test,EEG F5,-0.000215,0.000176,-5.8e-05,9e-06,5.9e-05
10.edf,test,EEG F1,-8.1e-05,5.4e-05,-3.5e-05,6e-06,3.6e-05
10.edf,test,EEG F2,5e-05,0.000193,9.5e-05,7e-06,9.6e-05
10.edf,test,EEG F6,-0.000207,0.000129,-3.7e-05,1.3e-05,4e-05
10.edf,test,EEG FC3,-7.7e-05,3.8e-05,-3.5e-05,5e-06,3.6e-05
10.edf,test,EEG FCz,-3.4e-05,8e-06,-1.7e-05,3e-06,1.7e-05
10.edf,test,EEG FC4,-2.4e-05,7.9e-05,1.6e-05,6e-06,1.7e-05
10.edf,test,EEG C5,-0.000224,0.000166,-6e-05,7e-06,6e-05
10.edf,test,EEG C1,-6e-05,-8e-06,-4.1e-05,3e-06,4.1e-05
10.edf,test,EEG C2,-5.7e-05,-2.5e-05,-4e-05,3e-06,4e-05
10.edf,test,EEG C6,-8.9e-05,2.8e-05,-4.5e-05,7e-06,4.5e-05
10.edf,test,EEG CP3,-6.1e-05,7e-06,-3.2e-05,4e-06,3.2e-05
10.edf,test,EEG CPz,0.000203,0.000245,0.000225,3e-06,0.000225
10.edf,test,EEG CP4,0.000166,0.000235,0.000203,6e-06,0.000204
10.edf,test,EEG P5,-2.5e-05,5.6e-05,1.5e-05,6e-06,1.7e-05
10.edf,test,EEG P1,0.000185,0.00026,0.000224,6e-06,0.000224
10.edf,test,EEG P2,0.000198,0.000275,0.000238,6e-06,0.000238
10.edf,test,EEG P6,0.000138,0.000232,0.000193,7e-06,0.000193
10.edf,test,EEG PO5,0.000185,0.000265,0.000225,6e-06,0.000225
10.edf,test,EEG PO3,0.000189,0.000285,0.000235,7e-06,0.000235
10.edf,test,EEG PO4,0.00015,0.000251,0.0002,7e-06,0.000201
10.edf,test,EEG PO6,0.000156,0.000262,0.000206,8e-06,0.000206
10.edf,test,EEG FT7,9e-06,0.000319,0.000225,8e-06,0.000225
10.edf,test,EEG FT8,0.000144,0.00027,0.000205,8e-06,0.000205
10.edf,test,EEG TP7,8.8e-05,0.000457,0.000241,9e-06,0.000241
10.edf,test,EEG TP8,0.000153,0.00035,0.000241,9e-06,0.000241
10.edf,test,EEG PO7,0.000166,0.000281,0.000223,8e-06,0.000223
10.edf,test,EEG PO8,0.00016,0.000266,0.000211,8e-06,0.000212
10.edf,test,EEG FT9,-9.3e-05,0.000214,0.000108,1.1e-05,0.000109
10.edf,test,EEG FT10,2.7e-05,0.000184,0.000112,1.1e-05,0.000113
10.edf,test,EEG TPP9h,-0.000114,2.1e-05,-4e-05,1e-05,4.1e-05
10.edf,test,EEG TPP10h,4.2e-05,0.00017,0.000111,1e-05,0.000111
10.edf,test,EEG PO9,5.1e-05,0.000182,0.000121,9e-06,0.000122
10.edf,test,EEG PO10,-0.000143,-2e-06,-7.1e-05,1e-05,7.2e-05
10.edf,test,EEG P9,3.3e-05,0.000166,0.000106,1e-05,0.000106
10.edf,test,EEG P10,3.1e-05,0.000167,0.000102,1e-05,0.000103
10.edf,test,EEG AFF1,5e-05,0.000249,0.00011,9e-06,0.000111
10.edf,test,EEG AFz,-0.000141,0.000145,-5.3e-05,1.2e-05,5.4e-05
10.edf,test,EEG AFF2,7e-06,0.000221,7.8e-05,1e-05,7.8e-05
10.edf,test,EEG FFC5h,-0.000168,0.000106,-5.6e-05,9e-06,5.6e-05
10.edf,test,EEG FFC3h,-0.000104,2.7e-05,-5.3e-05,8e-06,5.4e-05
10.edf,test,EEG FFC4h,3.7e-05,0.000158,8.4e-05,8e-06,8.4e-05
10.edf,test,EEG FFC6h,-0.000122,4.2e-05,-6e-05,1e-05,6.1e-05
10.edf,test,EEG FCC5h,-5.1e-05,0.000305,9.2e-05,8e-06,9.3e-05
10.edf,test,EEG FCC3h,0.000157,0.000244,0.00019,6e-06,0.00019
10.edf,test,EEG FCC4h,0.000124,0.000203,0.000165,7e-06,0.000165
10.edf,test,EEG FCC6h,2e-05,0.00017,7.6e-05,8e-06,7.6e-05
10.edf,test,EEG CCP5h,0.000103,0.000314,0.000174,8e-06,0.000174
10.edf,test,EEG CCP3h,0.000131,0.000199,0.000162,6e-06,0.000162
10.edf,test,EEG CCP4h,0.000138,0.000209,0.000185,7e-06,0.000185
10.edf,test,EEG CCP6h,0.000157,0.000244,0.000208,9e-06,0.000209
10.edf,test,EEG CPP5h,0.000133,0.000231,0.000188,8e-06,0.000188
10.edf,test,EEG CPP3h,0.00014,0.000214,0.000177,7e-06,0.000177
10.edf,test,EEG CPP4h,0.00014,0.000222,0.00019,8e-06,0.00019
10.edf,test,EEG CPP6h,0.000101,0.000194,0.000153,9e-06,0.000153
10.edf,test,EEG PPO1,0.000114,0.000211,0.000168,8e-06,0.000169
10.edf,test,EEG PPO2,0.000129,0.000225,0.000182,8e-06,0.000183
10.edf,test,EEG I1,0.000135,0.000265,0.000205,9e-06,0.000206
10.edf,test,EEG Iz,0.000101,0.000261,0.000187,1.1e-05,0.000187
10.edf,test,EEG I2,8.3e-05,0.000233,0.000159,1e-05,0.000159
10.edf,test,EEG AFp3h,-0.000256,0.000136,-0.000138,1.6e-05,0.000138
10.edf,test,EEG AFp4h,-0.00035,0.000148,-0.000158,2.2e-05,0.000159
10.edf,test,EEG AFF5h,-0.000225,6.4e-05,-0.000121,1.2e-05,0.000121
10.edf,test,EEG AFF6h,-0.00042,8e-05,-0.000111,1.9e-05,0.000113
10.edf,test,EEG FFT7h,-0.000336,2.7e-05,-0.000129,1e-05,0.00013
10.edf,test,EEG FFC1h,-0.000171,-6.8e-05,-0.000129,8e-06,0.00013
10.edf,test,EEG FFC2h,-0.000105,1e-05,-5.8e-05,8e-06,5.9e-05
10.edf,test,EEG FFT8h,-0.000255,-5.5e-05,-0.000134,1.2e-05,0.000135
10.edf,test,EEG FTT9h,-0.000337,-2.6e-05,-0.000123,1e-05,0.000124
10.edf,test,EEG FTT7h,-0.000338,-3.3e-05,-0.000128,1e-05,0.000128
10.edf,test,EEG FCC1h,-0.000152,-8.8e-05,-0.000118,7e-06,0.000118
10.edf,test,EEG FCC2h,-0.000173,-0.000122,-0.00014,7e-06,0.00014
10.edf,test,EEG FTT8h,-0.000179,-3.5e-05,-0.00012,1.1e-05,0.000121
10.edf,test,EEG FTT10h,-0.000197,-8.7e-05,-0.000138,1.1e-05,0.000139
10.edf,test,EEG TTP7h,-0.000299,0.00013,-0.000119,1.1e-05,0.000119
10.edf,test,EEG CCP1h,-0.000136,-8.1e-05,-9.8e-05,8e-06,9.8e-05
10.edf,test,EEG CCP2h,0.000187,0.000241,0.000223,7e-06,0.000223
10.edf,test,EEG TTP8h,0.000184,0.000241,0.000224,8e-06,0.000224
10.edf,test,EEG TPP7h,-0.000104,4.4e-05,-2.9e-05,1.1e-05,3.1e-05
10.edf,test,EEG CPP1h,0.000143,0.000223,0.000191,9e-06,0.000191
10.edf,test,EEG CPP2h,0.000154,0.000237,0.000203,9e-06,0.000203
10.edf,test,EEG TPP8h,0.000132,0.000254,0.000193,1.1e-05,0.000193
10.edf,test,EEG PPO9h,0.000138,0.000274,0.000214,1.1e-05,0.000214
10.edf,test,EEG PPO5h,0.000148,0.00025,0.000207,9e-06,0.000207
10.edf,test,EEG PPO6h,0.000121,0.000249,0.000191,1.1e-05,0.000191
10.edf,test,EEG PPO10h,0.000135,0.000278,0.000211,1.1e-05,0.000212
10.edf,test,EEG POO9h,0.000106,0.000244,0.000182,1.1e-05,0.000182
10.edf,test,EEG POO3h,0.000132,0.000258,0.000194,1.1e-05,0.000194
10.edf,test,EEG POO4h,0.000136,0.000276,0.000208,1e-05,0.000208
10.edf,test,EEG POO10h,0.000107,0.000265,0.00019,1.1e-05,0.000191
10.edf,test,EEG OI1h,0.000105,0.000266,0.000191,1.1e-05,0.000192
10.edf,test,EEG OI2h,0.000106,0.000265,0.000192,1.1e-05,0.000193
11.edf,test,EEG Fp1,-0.000171,0.000184,-1e-05,4.9e-05,5e-05
11.edf,test,EEG Fp2,-0.000159,0.000123,-3e-05,3.9e-05,5e-05
11.edf,test,EEG Fpz,-0.000164,0.00017,-1.2e-05,4.7e-05,4.9e-05
11.edf,test,EEG F7,-0.000414,0.000176,-1.9e-05,1.3e-05,2.3e-05
11.edf,test,EEG F3,-0.00015,0.000323,1.4e-05,1.2e-05,1.8e-05
11.edf,test,EEG Fz,3e-05,0.000113,6.7e-05,1.1e-05,6.8e-05
11.edf,test,EEG F4,-0.000127,0.000121,-1.4e-05,1e-05,1.7e-05
11.edf,test,EEG F8,-0.000348,0.000244,-2.4e-05,1.3e-05,2.7e-05
11.edf,test,EEG FC5,-0.000263,0.000163,-7e-06,6e-06,9e-06
11.edf,test,EEG FC1,-7.6e-05,3e-05,-2.6e-05,6e-06,2.7e-05
11.edf,test,EEG FC2,-4e-06,0.000111,5.5e-05,6e-06,5.5e-05
11.edf,test,EEG FC6,-0.000229,0.000131,-2.6e-05,7e-06,2.7e-05
11.edf,test,EEG M1,-0.000123,4.9e-05,-2e-05,1.5e-05,2.5e-05
11.edf,test,EEG T7,-0.000225,0.000109,-8e-06,1e-05,1.3e-05
11.edf,test,EEG C3,-9.6e-05,7.4e-05,-2.6e-05,4e-06,2.6e-05
11.edf,test,EEG Cz,2.6e-05,3.2e-05,2.9e-05,1e-06,2.9e-05
11.edf,test,EEG C4,0.000126,0.000208,0.000167,3e-06,0.000167
11.edf,test,EEG T8,-3.5e-05,0.000299,0.000174,1.4e-05,0.000174
11.edf,test,EEG M2,-0.000115,5.9e-05,-1e-06,1.4e-05,1.4e-05
11.edf,test,EEG CP5,0.000107,0.000255,0.000162,7e-06,0.000162
11.edf,test,EEG CP1,0.000159,0.000203,0.000184,4e-06,0.000184
11.edf,test,EEG CP2,0.000163,0.000233,0.000193,5e-06,0.000193
11.edf,test,EEG CP6,7.7e-05,0.000262,0.000151,7e-06,0.000151
11.edf,test,EEG P7,6.7e-05,0.00023,0.000173,1.1e-05,0.000173
11.edf,test,EEG P3,0.000137,0.000212,0.000179,7e-06,0.000179
11.edf,test,EEG Pz,0.000132,0.000196,0.000164,6e-06,0.000164
11.edf,test,EEG P4,0.000101,0.00018,0.000147,7e-06,0.000148
11.edf,test,EEG P8,-3.5e-05,0.000219,0.000168,1.1e-05,0.000168
11.edf,test,EEG POz,9e-05,0.000189,0.000149,9e-06,0.00015
11.edf,test,EEG O1,6.4e-05,0.000259,0.000188,1.2e-05,0.000188
11.edf,test,EEG Oz,7.7e-05,0.000218,0.000169,1e-05,0.00017
11.edf,test,EEG O2,5e-06,0.000216,0.000169,1.2e-05,0.00017
11.edf,test,EOG EOGh,-0.001631,0.001344,0.00019,0.000105,0.000217
11.edf,test,EOG EOGv,-0.000514,0.000346,-0.000119,0.000117,0.000167
11.edf,test,EMG EMG_RH,-0.000373,0.000729,0.000181,3.1e-05,0.000184
11.edf,test,EMG EMG_LH,-0.000416,0.000167,-0.000125,1.8e-05,0.000127
11.edf,test,EMG EMG_RF,-0.000252,-4.7e-05,-0.000122,1e-05,0.000123
11.edf,test,EEG AF7,-0.00011,0.000237,3e-06,3.6e-05,3.6e-05
11.edf,test,EEG AF3,-6e-05,0.000171,1.3e-05,2.1e-05,2.5e-05
11.edf,test,EEG AF4,-6.2e-05,9.1e-05,0.0,2e-05,2e-05
11.edf,test,EEG AF8,-1.7e-05,0.000328,0.000111,3.3e-05,0.000116
11.edf,test,EEG F5,-0.000218,0.000267,-5.2e-05,1.2e-05,5.4e-05
11.edf,test,EEG F1,-7.1e-05,5.4e-05,-3.5e-05,1.1e-05,3.6e-05
11.edf,test,EEG F2,6.6e-05,0.000133,9.4e-05,8e-06,9.5e-05
11.edf,test,EEG F6,-0.000367,0.000301,-3.8e-05,1.2e-05,4e-05
11.edf,test,EEG FC3,-0.000145,0.000114,-3.4e-05,4e-06,3.4e-05
11.edf,test,EEG FCz,-3.1e-05,3e-06,-1.6e-05,4e-06,1.6e-05
11.edf,test,EEG FC4,-0.000135,0.000185,1.9e-05,5e-06,2e-05
11.edf,test,EEG C5,-0.000183,7.2e-05,-6e-05,7e-06,6.1e-05
11.edf,test,EEG C1,-6.6e-05,-4e-06,-4.1e-05,2e-06,4.1e-05
11.edf,test,EEG C2,-6.4e-05,-1.6e-05,-4e-05,2e-06,4.1e-05
11.edf,test,EEG C6,-0.000158,7.6e-05,-4.5e-05,6e-06,4.6e-05
11.edf,test,EEG CP3,-7e-05,-2e-06,-3.1e-05,5e-06,3.2e-05
11.edf,test,EEG CPz,0.000209,0.000239,0.000226,3e-06,0.000226
11.edf,test,EEG CP4,0.000168,0.000249,0.000203,5e-06,0.000203
11.edf,test,EEG P5,-3.6e-05,0.000113,1.7e-05,7e-06,1.8e-05
11.edf,test,EEG P1,0.000188,0.000251,0.000223,6e-06,0.000223
11.edf,test,EEG P2,0.000205,0.000264,0.000237,6e-06,0.000237
11.edf,test,EEG P6,0.000149,0.000232,0.000192,8e-06,0.000192
11.edf,test,EEG PO5,0.000131,0.000283,0.000227,1.1e-05,0.000228
11.edf,test,EEG PO3,0.000181,0.000272,0.000236,8e-06,0.000236
11.edf,test,EEG PO4,7.7e-05,0.000247,0.000198,1.2e-05,0.000198
11.edf,test,EEG PO6,0.000151,0.000242,0.000207,9e-06,0.000207
11.edf,test,EEG FT7,2.4e-05,0.00034,0.000226,9e-06,0.000226
11.edf,test,EEG FT8,-3e-05,0.00034,0.000207,8e-06,0.000207
11.edf,test,EEG TP7,0.000137,0.000518,0.000243,9e-06,0.000243
11.edf,test,EEG TP8,0.00017,0.000337,0.000241,6e-06,0.000241
11.edf,test,EEG PO7,0.000122,0.00028,0.000223,1e-05,0.000223
11.edf,test,EEG PO8,0.000139,0.000256,0.000213,1e-05,0.000214
11.edf,test,EEG FT9,-6.7e-05,0.00023,0.000116,9e-06,0.000117
11.edf,test,EEG FT10,-5e-06,0.000237,0.000124,9e-06,0.000124
11.edf,test,EEG TPP9h,-0.000147,2.8e-05,-2.9e-05,1.1e-05,3.1e-05
11.edf,test,EEG TPP10h,-0.000171,0.000174,0.000119,1.1e-05,0.000119
11.edf,test,EEG PO9,1.9e-05,0.000191,0.000131,1.1e-05,0.000131
11.edf,test,EEG PO10,-0.000263,-1.3e-05,-6.5e-05,1e-05,6.6e-05
11.edf,test,EEG P9,-3e-06,0.000174,0.000116,1.1e-05,0.000117
11.edf,test,EEG P10,-0.000161,0.000162,0.000111,1.1e-05,0.000111
11.edf,test,EEG AFF1,3.3e-05,0.000303,0.000119,1.4e-05,0.00012
11.edf,test,EEG AFz,-0.000109,4.1e-05,-4.4e-05,2.1e-05,4.9e-05
11.edf,test,EEG AFF2,-7.8e-05,0.000388,8.3e-05,1.7e-05,8.4e-05
11.edf,test,EEG FFC5h,-0.00021,0.000266,-4.7e-05,1.2e-05,4.8e-05
11.edf,test,EEG FFC3h,-0.000124,6.6e-05,-4.2e-05,7e-06,4.3e-05
11.edf,test,EEG FFC4h,2.9e-05,0.000142,9e-05,6e-06,9.1e-05
11.edf,test,EEG FFC6h,-0.000357,0.000265,-5.1e-05,9e-06,5.2e-05
11.edf,test,EEG FCC5h,-7e-05,0.000359,0.000101,5e-06,0.000101
11.edf,test,EEG FCC3h,9.4e-05,0.000337,0.000198,4e-06,0.000198
11.edf,test,EEG FCC4h,0.000103,0.000255,0.000173,3e-06,0.000173
11.edf,test,EEG FCC6h,-9e-05,0.000302,8.6e-05,6e-06,8.6e-05
11.edf,test,EEG CCP5h,6.2e-05,0.000282,0.000183,5e-06,0.000183
11.edf,test,EEG CCP3h,0.000127,0.000203,0.00017,4e-06,0.00017
11.edf,test,EEG CCP4h,0.00015,0.000227,0.000188,3e-06,0.000188
11.edf,test,EEG CCP6h,0.000128,0.000333,0.000219,5e-06,0.000219
11.edf,test,EEG CPP5h,0.000145,0.000288,0.000197,7e-06,0.000197
11.edf,test,EEG CPP3h,0.000147,0.000212,0.000185,5e-06,0.000185
11.edf,test,EEG CPP4h,0.000164,0.000244,0.0002,5e-06,0.0002
11.edf,test,EEG CPP6h,0.000122,0.000206,0.000162,7e-06,0.000162
11.edf,test,EEG PPO1,0.000135,0.000206,0.000174,7e-06,0.000174
11.edf,test,EEG PPO2,0.000149,0.000222,0.000188,7e-06,0.000188
11.edf,test,EEG I1,5.8e-05,0.000307,0.000215,1.2e-05,0.000216
11.edf,test,EEG Iz,8.4e-05,0.000263,0.000196,1.1e-05,0.000196
11.edf,test,EEG I2,4.5e-05,0.000262,0.000164,1.2e-05,0.000164
11.edf,test,EEG AFp3h,-0.000223,-1.1e-05,-0.000128,3e-05,0.000132
11.edf,test,EEG AFp4h,-0.00025,-3.7e-05,-0.000147,2.9e-05,0.00015
11.edf,test,EEG AFF5h,-0.00027,0.000204,-0.000109,1.2e-05,0.000109
11.edf,test,EEG AFF6h,-0.000247,8.2e-05,-9.9e-05,1.6e-05,0.0001
11.edf,test,EEG FFT7h,-0.000356,5e-05,-0.000119,1e-05,0.00012
11.edf,test,EEG FFC1h,-0.000147,-7.3e-05,-0.000119,8e-06,0.000119
11.edf,test,EEG FFC2h,-7.3e-05,-1.3e-05,-4.7e-05,8e-06,4.8e-05
11.edf,test,EEG FFT8h,-0.000523,0.000273,-0.000125,1e-05,0.000126
11.edf,test,EEG FTT9h,-0.000313,2e-06,-0.000112,9e-06,0.000113
11.edf,test,EEG FTT7h,-0.000349,-3e-06,-0.000119,8e-06,0.000119
11.edf,test,EEG FCC1h,-0.000122,-8.4e-05,-0.000108,3e-06,0.000108
11.edf,test,EEG FCC2h,-0.000146,-0.000105,-0.000129,4e-06,0.000129
11.edf,test,EEG FTT8h,-0.00044,5.4e-05,-0.00011,1e-05,0.000111
11.edf,test,EEG FTT10h,-0.000253,-3e-06,-0.000126,1.2e-05,0.000127
11.edf,test,EEG TTP7h,-0.000232,1.9e-05,-0.000107,8e-06,0.000107
11.edf,test,EEG CCP1h,-0.000105,-7.6e-05,-8.7e-05,2e-06,8.7e-05
11.edf,test,EEG CCP2h,0.000209,0.000256,0.000231,4e-06,0.000231
11.edf,test,EEG TTP8h,0.000193,0.000294,0.000238,4e-06,0.000238
11.edf,test,EEG TPP7h,-6.8e-05,9.1e-05,-1.6e-05,7e-06,1.8e-05
11.edf,test,EEG CPP1h,0.000179,0.000227,0.000205,5e-06,0.000205
11.edf,test,EEG CPP2h,0.000188,0.000238,0.000215,5e-06,0.000215
11.edf,test,EEG TPP8h,0.00015,0.000306,0.000205,8e-06,0.000205
11.edf,test,EEG PPO9h,0.000115,0.000286,0.000228,1.1e-05,0.000228
11.edf,test,EEG PPO5h,0.000121,0.000275,0.000218,1.1e-05,0.000218
11.edf,test,EEG PPO6h,0.000148,0.000237,0.000202,9e-06,0.000203
11.edf,test,EEG PPO10h,2.3e-05,0.000274,0.000222,1e-05,0.000223
11.edf,test,EEG POO9h,3.4e-05,0.000281,0.000191,1.2e-05,0.000192
11.edf,test,EEG POO3h,0.000116,0.000255,0.000207,1e-05,0.000207
11.edf,test,EEG POO4h,4.7e-05,0.000264,0.000217,1.3e-05,0.000217
11.edf,test,EEG POO10h,8.2e-05,0.000297,0.0002,1.2e-05,0.000201
11.edf,test,EEG OI1h,8.8e-05,0.000269,0.000202,1.2e-05,0.000203
11.edf,test,EEG OI2h,9.9e-05,0.000276,0.0002,1.1e-05,0.0002
12.edf,test,EEG Fp1,-0.000406,0.000481,-8e-06,0.000119,0.000119
12.edf,test,EEG Fp2,-0.000372,0.000362,-3.2e-05,9.9e-05,0.000104
12.edf,test,EEG Fpz,-0.000323,0.000359,-5e-06,9.4e-05,9.4e-05
12.edf,test,EEG F7,-0.000202,0.000118,-1.9e-05,2.7e-05,3.3e-05
12.edf,test,EEG F3,-0.000102,0.000154,1.4e-05,3.2e-05,3.5e-05
12.edf,test,EEG Fz,-2e-05,0.000175,7e-05,2.6e-05,7.5e-05
12.edf,test,EEG F4,-0.000114,9.9e-05,-1.4e-05,2.5e-05,2.8e-05
12.edf,test,EEG F8,-0.000115,0.000117,-2.2e-05,2.1e-05,3e-05
12.edf,test,EEG FC5,-8.9e-05,6.8e-05,-2e-06,1e-05,1.1e-05
12.edf,test,EEG FC1,-6.5e-05,1.8e-05,-2.6e-05,1e-05,2.8e-05
12.edf,test,EEG FC2,1.8e-05,0.000101,5.8e-05,1e-05,5.8e-05
12.edf,test,EEG FC6,-9.2e-05,9.5e-05,-2.7e-05,9e-06,2.9e-05
12.edf,test,EEG M1,-0.000196,8.4e-05,-1.9e-05,2.3e-05,3e-05
12.edf,test,EEG T7,-0.000129,7.1e-05,-5e-06,1.4e-05,1.4e-05
12.edf,test,EEG C3,-6.7e-05,4e-06,-2.7e-05,6e-06,2.8e-05
12.edf,test,EEG Cz,2.8e-05,3.4e-05,3.1e-05,1e-06,3.1e-05
12.edf,test,EEG C4,0.000134,0.000208,0.000167,6e-06,0.000167
12.edf,test,EEG T8,8.9e-05,0.000229,0.000176,1.3e-05,0.000177
12.edf,test,EEG M2,-0.000107,9.6e-05,4e-06,2.2e-05,2.3e-05
12.edf,test,EEG CP5,0.000112,0.000214,0.000162,1e-05,0.000162
12.edf,test,EEG CP1,0.000158,0.000223,0.000192,7e-06,0.000192
12.edf,test,EEG CP2,0.000155,0.000231,0.000194,9e-06,0.000195
12.edf,test,EEG CP6,9.8e-05,0.000203,0.000152,1.1e-05,0.000153
12.edf,test,EEG P7,0.000102,0.000253,0.000173,1.5e-05,0.000174
12.edf,test,EEG P3,0.000124,0.000229,0.00018,1.1e-05,0.00018
12.edf,test,EEG Pz,9.5e-05,0.000254,0.000177,1.6e-05,0.000178
12.edf,test,EEG P4,7.6e-05,0.000211,0.000151,1.3e-05,0.000151
12.edf,test,EEG P8,2.7e-05,0.000274,0.000169,2.1e-05,0.000171
12.edf,test,EEG POz,6.6e-05,0.000226,0.00015,1.5e-05,0.000151
12.edf,test,EEG O1,0.0001,0.000298,0.000197,1.8e-05,0.000198
12.edf,test,EEG Oz,6.4e-05,0.000261,0.000167,1.9e-05,0.000168
12.edf,test,EEG O2,6.1e-05,0.000275,0.000174,2e-05,0.000175
12.edf,test,EOG EOGh,-0.003901,0.001931,0.000235,0.0002,0.000309
12.edf,test,EOG EOGv,-0.000817,0.000685,-0.000117,0.000207,0.000238
12.edf,test,EMG EMG_RH,-0.000691,0.000781,0.000184,4.7e-05,0.000189
12.edf,test,EMG EMG_LH,-0.001508,0.000845,-0.000133,6.4e-05,0.000148
12.edf,test,EMG EMG_RF,-0.000214,-4.8e-05,-0.000119,1.4e-05,0.00012
12.edf,test,EEG AF7,-0.000317,0.000417,7e-06,9.8e-05,9.8e-05
12.edf,test,EEG AF3,-0.000191,0.000239,9e-06,5.7e-05,5.7e-05
12.edf,test,EEG AF4,-0.000181,0.000201,2e-06,5e-05,5e-05
12.edf,test,EEG AF8,-0.000131,0.000425,0.000116,6.9e-05,0.000135
12.edf,test,EEG F5,-0.000199,0.000111,-5.3e-05,3.4e-05,6.3e-05
12.edf,test,EEG F1,-0.000118,6.6e-05,-3.3e-05,2.4e-05,4.1e-05
12.edf,test,EEG F2,1.1e-05,0.000181,9.3e-05,2.2e-05,9.6e-05
12.edf,test,EEG F6,-0.000136,7.5e-05,-3.8e-05,2.4e-05,4.5e-05
12.edf,test,EEG FC3,-8.8e-05,1.6e-05,-3.4e-05,1.1e-05,3.6e-05
12.edf,test,EEG FCz,-5.1e-05,2.9e-05,-1.4e-05,1e-05,1.7e-05
12.edf,test,EEG FC4,-2e-05,9.1e-05,2.3e-05,9e-06,2.5e-05
12.edf,test,EEG C5,-0.000122,-1e-05,-6.2e-05,8e-06,6.3e-05
12.edf,test,EEG C1,-5.3e-05,-2.4e-05,-3.8e-05,3e-06,3.8e-05
12.edf,test,EEG C2,-6e-05,-1.8e-05,-4.2e-05,5e-06,4.2e-05
12.edf,test,EEG C6,-8.6e-05,1.5e-05,-4.2e-05,8e-06,4.3e-05
12.edf,test,EEG CP3,-6.8e-05,1.1e-05,-2.9e-05,8e-06,3e-05
12.edf,test,EEG CPz,0.000201,0.000262,0.000231,6e-06,0.000231
12.edf,test,EEG CP4,0.000153,0.000243,0.000203,9e-06,0.000203
12.edf,test,EEG P5,-4.7e-05,7.7e-05,1.8e-05,1.3e-05,2.2e-05
12.edf,test,EEG P1,0.000164,0.000268,0.000219,1.1e-05,0.000219
12.edf,test,EEG P2,0.000169,0.000288,0.000235,1.2e-05,0.000235
12.edf,test,EEG P6,8.7e-05,0.000263,0.000187,1.7e-05,0.000188
12.edf,test,EEG PO5,0.000148,0.00031,0.000228,1.5e-05,0.000228
12.edf,test,EEG PO3,0.000162,0.000297,0.000237,1.3e-05,0.000237
12.edf,test,EEG PO4,0.000104,0.000281,0.000201,1.7e-05,0.000202
12.edf,test,EEG PO6,9.7e-05,0.000286,0.000205,1.7e-05,0.000206
12.edf,test,EEG FT7,0.000128,0.00033,0.000227,1.2e-05,0.000227
12.edf,test,EEG FT8,0.00015,0.00029,0.000205,9e-06,0.000206
12.edf,test,EEG TP7,0.000173,0.000316,0.000247,1.5e-05,0.000248
12.edf,test,EEG TP8,0.000175,0.000311,0.000244,1.5e-05,0.000245
12.edf,test,EEG PO7,4.5e-05,0.000417,0.000221,1.8e-05,0.000222
12.edf,test,EEG PO8,8.4e-05,0.000316,0.000215,2.1e-05,0.000216
12.edf,test,EEG FT9,1.6e-05,0.00022,0.000118,1.2e-05,0.000118
12.edf,test,EEG FT10,5.6e-05,0.0002,0.000124,1.4e-05,0.000125
12.edf,test,EEG TPP9h,-9.6e-05,4.9e-05,-2.2e-05,1.5e-05,2.6e-05
12.edf,test,EEG TPP10h,1.5e-05,0.000211,0.000121,1.8e-05,0.000123
12.edf,test,EEG PO9,-5.2e-05,0.000334,0.000131,1.8e-05,0.000132
12.edf,test,EEG PO10,-0.000207,3.7e-05,-6.8e-05,2.1e-05,7.2e-05
12.edf,test,EEG P9,-2e-05,0.000259,0.00012,1.9e-05,0.000121
12.edf,test,EEG P10,-5.3e-05,0.000249,0.00011,2.1e-05,0.000112
12.edf,test,EEG AFF1,-1.8e-05,0.000271,0.000121,3.5e-05,0.000126
12.edf,test,EEG AFz,-0.000242,0.000183,-4.3e-05,5.8e-05,7.2e-05
12.edf,test,EEG AFF2,-5.9e-05,0.000231,8.4e-05,3.4e-05,9e-05
12.edf,test,EEG FFC5h,-0.000142,4.7e-05,-4.6e-05,2e-05,5e-05
12.edf,test,EEG FFC3h,-0.000108,3.5e-05,-4.1e-05,1.7e-05,4.4e-05
12.edf,test,EEG FFC4h,4.7e-05,0.000132,8.7e-05,1e-05,8.8e-05
12.edf,test,EEG FFC6h,-0.000147,6.1e-05,-5.2e-05,2.4e-05,5.7e-05
12.edf,test,EEG FCC5h,3.5e-05,0.000149,0.0001,7e-06,0.0001
12.edf,test,EEG FCC3h,0.000167,0.000223,0.000197,6e-06,0.000197
12.edf,test,EEG FCC4h,0.000148,0.000211,0.000171,6e-06,0.000171
12.edf,test,EEG FCC6h,4.1e-05,0.000166,8.7e-05,8e-06,8.7e-05
12.edf,test,EEG CCP5h,0.000137,0.000233,0.000183,7e-06,0.000183
12.edf,test,EEG CCP3h,0.000145,0.000192,0.00017,5e-06,0.00017
12.edf,test,EEG CCP4h,0.000151,0.000225,0.000188,6e-06,0.000188
12.edf,test,EEG CCP6h,0.000178,0.000265,0.000221,8e-06,0.000222
12.edf,test,EEG CPP5h,0.000145,0.000248,0.000196,1e-05,0.000196
12.edf,test,EEG CPP3h,0.000141,0.000226,0.000184,9e-06,0.000185
12.edf,test,EEG CPP4h,0.000127,0.000255,0.000198,1.3e-05,0.000198
12.edf,test,EEG CPP6h,0.0001,0.00022,0.000166,1.2e-05,0.000166
12.edf,test,EEG PPO1,0.000101,0.000234,0.000171,1.3e-05,0.000172
12.edf,test,EEG PPO2,0.000114,0.000253,0.000188,1.4e-05,0.000189
12.edf,test,EEG I1,7.4e-05,0.000435,0.000218,2e-05,0.000219
12.edf,test,EEG Iz,9.5e-05,0.000352,0.0002,2e-05,0.000201
12.edf,test,EEG I2,2e-06,0.000296,0.000159,2.4e-05,0.000161
12.edf,test,EEG AFp3h,-0.000432,0.000214,-0.000133,8.7e-05,0.000159
12.edf,test,EEG AFp4h,-0.00043,0.000166,-0.000151,8.2e-05,0.000172
12.edf,test,EEG AFF5h,-0.000292,0.000112,-0.000107,5.1e-05,0.000118
12.edf,test,EEG AFF6h,-0.000195,1.7e-05,-9.7e-05,2.5e-05,0.0001
12.edf,test,EEG FFT7h,-0.000247,-2.4e-05,-0.000117,1.8e-05,0.000119
12.edf,test,EEG FFC1h,-0.000178,-4.4e-05,-0.000117,1.8e-05,0.000118
12.edf,test,EEG FFC2h,-0.000111,2.5e-05,-4.6e-05,1.7e-05,5e-05
12.edf,test,EEG FFT8h,-0.00022,-8e-06,-0.000124,2.4e-05,0.000126
12.edf,test,EEG FTT9h,-0.000214,-1.1e-05,-0.000113,1.2e-05,0.000114
12.edf,test,EEG FTT7h,-0.0002,-5.4e-05,-0.000119,8e-06,0.00012
12.edf,test,EEG FCC1h,-0.000126,-8.4e-05,-0.000106,5e-06,0.000106
12.edf,test,EEG FCC2h,-0.000158,-9.3e-05,-0.000129,8e-06,0.000129
12.edf,test,EEG FTT8h,-0.000161,-4.2e-05,-0.000108,9e-06,0.000108
12.edf,test,EEG FTT10h,-0.000197,-5.2e-05,-0.000129,1.4e-05,0.00013
12.edf,test,EEG TTP7h,-0.000167,-3.1e-05,-0.000103,1.1e-05,0.000104
12.edf,test,EEG CCP1h,-0.000103,-6.9e-05,-8.6e-05,4e-06,8.6e-05
12.edf,test,EEG CCP2h,0.000215,0.000261,0.000234,5e-06,0.000234
12.edf,test,EEG TTP8h,0.000223,0.000259,0.000242,4e-06,0.000242
12.edf,test,EEG TPP7h,-8.4e-05,5.7e-05,-1.6e-05,1.4e-05,2.1e-05
12.edf,test,EEG CPP1h,0.000164,0.000246,0.000205,9e-06,0.000205
12.edf,test,EEG CPP2h,0.00017,0.000258,0.000217,1e-05,0.000217
12.edf,test,EEG TPP8h,0.000119,0.000297,0.000206,1.6e-05,0.000207
12.edf,test,EEG PPO9h,5.4e-05,0.000434,0.000233,1.8e-05,0.000234
12.edf,test,EEG PPO5h,0.00015,0.000277,0.000217,1.3e-05,0.000217
12.edf,test,EEG PPO6h,9.4e-05,0.000281,0.0002,1.7e-05,0.000201
12.edf,test,EEG PPO10h,8.5e-05,0.000329,0.000225,2.1e-05,0.000226
12.edf,test,EEG POO9h,2.9e-05,0.000377,0.000188,2e-05,0.000189
12.edf,test,EEG POO3h,0.000115,0.00029,0.00021,1.7e-05,0.000211
12.edf,test,EEG POO4h,0.000115,0.000307,0.000219,1.8e-05,0.00022
12.edf,test,EEG POO10h,4.6e-05,0.00034,0.000201,2.4e-05,0.000203
12.edf,test,EEG OI1h,0.000103,0.000336,0.000204,1.9e-05,0.000205
12.edf,test,EEG OI2h,8.9e-05,0.000337,0.000204,2.1e-05,0.000206
13.edf,test,EEG Fp1,-7.1e-05,0.000151,-1.6e-05,1.6e-05,2.3e-05
13.edf,test,EEG Fp2,-9.2e-05,0.00013,-3.7e-05,1.6e-05,4.1e-05
13.edf,test,EEG Fpz,-7.6e-05,0.000157,-9e-06,1.6e-05,1.9e-05
13.edf,test,EEG F7,-6.1e-05,3.1e-05,-2e-05,7e-06,2.1e-05
13.edf,test,EEG F3,-1.6e-05,6.2e-05,1.2e-05,6e-06,1.4e-05
13.edf,test,EEG Fz,2.7e-05,0.000133,6.2e-05,8e-06,6.2e-05
13.edf,test,EEG F4,-8.8e-05,9.9e-05,-1.9e-05,7e-06,2.1e-05
13.edf,test,EEG F8,-0.000244,7.7e-05,-2.3e-05,9e-06,2.5e-05
13.edf,test,EEG FC5,-7.6e-05,2.7e-05,-7e-06,6e-06,9e-06
13.edf,test,EEG FC1,-5.3e-05,2e-05,-2.9e-05,5e-06,3e-05
13.edf,test,EEG FC2,2.2e-05,0.000106,5.2e-05,4e-06,5.2e-05
13.edf,test,EEG FC6,-0.000134,1.9e-05,-3e-05,6e-06,3.1e-05
13.edf,test,EEG M1,-9.8e-05,3.1e-05,-2.6e-05,1e-05,2.8e-05
13.edf,test,EEG T7,-5.7e-05,2.6e-05,-1.2e-05,7e-06,1.4e-05
13.edf,test,EEG C3,-6e-05,-3e-06,-3.1e-05,7e-06,3.2e-05
13.edf,test,EEG Cz,1.9e-05,2.5e-05,2.2e-05,1e-06,2.2e-05
13.edf,test,EEG C4,0.000104,0.000237,0.000163,5e-06,0.000163
13.edf,test,EEG T8,9.8e-05,0.000215,0.000174,8e-06,0.000174
13.edf,test,EEG M2,-8.1e-05,5.6e-05,-1e-06,1e-05,1e-05
13.edf,test,EEG CP5,0.000116,0.000191,0.000156,6e-06,0.000156
13.edf,test,EEG CP1,0.000162,0.000198,0.000181,4e-06,0.000181
13.edf,test,EEG CP2,0.00017,0.000207,0.000189,4e-06,0.000189
13.edf,test,EEG CP6,5.4e-05,0.000204,0.000148,6e-06,0.000148
13.edf,test,EEG P7,0.00012,0.000213,0.000164,9e-06,0.000165
13.edf,test,EEG P3,0.000131,0.000207,0.00017,9e-06,0.00017
13.edf,test,EEG Pz,0.000137,0.000186,0.000164,5e-06,0.000164
13.edf,test,EEG P4,0.000112,0.000173,0.000144,6e-06,0.000144
13.edf,test,EEG P8,0.000114,0.000205,0.000163,9e-06,0.000163
13.edf,test,EEG POz,0.000106,0.00017,0.000141,6e-06,0.000141
13.edf,test,EEG O1,0.000143,0.000232,0.000187,8e-06,0.000187
13.edf,test,EEG Oz,0.000124,0.000206,0.000164,8e-06,0.000164
13.edf,test,EEG O2,0.000117,0.000209,0.000165,8e-06,0.000166
13.edf,test,EOG EOGh,-0.000573,0.001047,0.000166,7.4e-05,0.000182
13.edf,test,EOG EOGv,-0.000291,0.000318,-0.000127,4.3e-05,0.000134
13.edf,test,EMG EMG_RH,-0.000334,0.000388,0.000175,2.6e-05,0.000177
13.edf,test,EMG EMG_LH,-0.000882,0.000288,-0.000137,3.1e-05,0.00014
13.edf,test,EMG EMG_RF,-0.000594,5.4e-05,-0.000127,2.9e-05,0.000131
13.edf,test,EEG AF7,-4.5e-05,0.000111,5e-06,1.1e-05,1.2e-05
13.edf,test,EEG AF3,-3.2e-05,8.3e-05,3e-06,8e-06,9e-06
13.edf,test,EEG AF4,-6e-05,9.7e-05,-4e-06,1.2e-05,1.3e-05
13.edf,test,EEG AF8,-3.7e-05,0.000295,0.000108,1.2e-05,0.000109
13.edf,test,EEG F5,-9.4e-05,1.1e-05,-5.7e-05,8e-06,5.7e-05
13.edf,test,EEG F1,-6.7e-05,1.1e-05,-3.7e-05,6e-06,3.8e-05
13.edf,test,EEG F2,5e-05,0.000135,8.3e-05,6e-06,8.4e-05
13.edf,test,EEG F6,-0.000216,0.000278,-4.1e-05,8e-06,4.2e-05
13.edf,test,EEG FC3,-5.8e-05,1.3e-05,-3.5e-05,4e-06,3.6e-05
13.edf,test,EEG FCz,-3.9e-05,6e-06,-2.1e-05,4e-06,2.2e-05
13.edf,test,EEG FC4,-0.000101,0.000234,1.5e-05,6e-06,1.6e-05
13.edf,test,EEG C5,-0.000116,-2e-05,-6.4e-05,8e-06,6.5e-05
13.edf,test,EEG C1,-5.2e-05,-2.6e-05,-3.9e-05,3e-06,3.9e-05
13.edf,test,EEG C2,-6.7e-05,-1.5e-05,-4.9e-05,4e-06,5e-05
13.edf,test,EEG C6,-0.000125,-7e-06,-4.7e-05,6e-06,4.7e-05
13.edf,test,EEG CP3,-6.8e-05,-8e-06,-3.5e-05,5e-06,3.5e-05
13.edf,test,EEG CPz,0.000206,0.000237,0.000224,3e-06,0.000224
13.edf,test,EEG CP4,0.000184,0.000211,0.000196,2e-06,0.000196
13.edf,test,EEG P5,-3.1e-05,4.7e-05,1e-05,7e-06,1.2e-05
13.edf,test,EEG P1,0.000186,0.000238,0.000214,5e-06,0.000214
13.edf,test,EEG P2,0.000203,0.000254,0.00023,5e-06,0.00023
13.edf,test,EEG P6,0.000147,0.000219,0.000183,7e-06,0.000183
13.edf,test,EEG PO5,0.000176,0.000254,0.000219,8e-06,0.000219
13.edf,test,EEG PO3,0.000187,0.000259,0.000227,7e-06,0.000227
13.edf,test,EEG PO4,0.000162,0.00023,0.000196,7e-06,0.000196
13.edf,test,EEG PO6,0.000158,0.00024,0.000199,8e-06,0.000199
13.edf,test,EEG FT7,0.000173,0.000258,0.000219,7e-06,0.00022
13.edf,test,EEG FT8,3.4e-05,0.000264,0.0002,7e-06,0.0002
13.edf,test,EEG TP7,0.000195,0.000289,0.000239,9e-06,0.000239
13.edf,test,EEG TP8,0.000183,0.000277,0.000232,8e-06,0.000233
13.edf,test,EEG PO7,0.000163,0.000267,0.000216,9e-06,0.000216
13.edf,test,EEG PO8,0.000155,0.000249,0.000205,9e-06,0.000205
13.edf,test,EEG FT9,7e-05,0.000157,0.000112,8e-06,0.000112
13.edf,test,EEG FT10,1.2e-05,0.000187,0.000116,8e-06,0.000116
13.edf,test,EEG TPP9h,-8.9e-05,2.6e-05,-2.9e-05,1e-05,3.1e-05
13.edf,test,EEG TPP10h,6.1e-05,0.00016,0.000113,9e-06,0.000114
13.edf,test,EEG PO9,6.8e-05,0.000175,0.000122,9e-06,0.000122
13.edf,test,EEG PO10,-0.000139,-1.7e-05,-7.1e-05,1.3e-05,7.2e-05
13.edf,test,EEG P9,5.4e-05,0.000162,0.000109,1e-05,0.000109
13.edf,test,EEG P10,4.4e-05,0.00015,0.0001,9e-06,0.0001
13.edf,test,EEG AFF1,7.8e-05,0.000188,0.000113,8e-06,0.000113
13.edf,test,EEG AFz,-9.5e-05,4.3e-05,-5.3e-05,1e-05,5.4e-05
13.edf,test,EEG AFF2,2.6e-05,0.000148,7.3e-05,1.2e-05,7.4e-05
13.edf,test,EEG FFC5h,-8.1e-05,-6e-06,-5.2e-05,6e-06,5.3e-05
13.edf,test,EEG FFC3h,-7e-05,-1e-06,-4.7e-05,4e-06,4.7e-05
13.edf,test,EEG FFC4h,8e-06,0.000212,8.9e-05,5e-06,8.9e-05
13.edf,test,EEG FFC6h,-0.000207,0.000163,-5.8e-05,7e-06,5.8e-05
13.edf,test,EEG FCC5h,3e-05,0.000127,9.3e-05,6e-06,9.3e-05
13.edf,test,EEG FCC3h,0.000168,0.000224,0.000189,4e-06,0.000189
13.edf,test,EEG FCC4h,0.000122,0.000258,0.000167,4e-06,0.000167
13.edf,test,EEG FCC6h,-2e-06,0.000161,7.8e-05,6e-06,7.8e-05
13.edf,test,EEG CCP5h,0.000143,0.000205,0.000177,5e-06,0.000177
13.edf,test,EEG CCP3h,0.000136,0.000193,0.000165,7e-06,0.000165
13.edf,test,EEG CCP4h,0.000157,0.000215,0.000182,4e-06,0.000182
13.edf,test,EEG CCP6h,0.000176,0.000267,0.000216,5e-06,0.000216
13.edf,test,EEG CPP5h,0.000151,0.00022,0.000189,6e-06,0.000189
13.edf,test,EEG CPP3h,0.000149,0.000206,0.000178,6e-06,0.000178
13.edf,test,EEG CPP4h,0.000159,0.00021,0.000187,5e-06,0.000187
13.edf,test,EEG CPP6h,0.000126,0.000199,0.000159,6e-06,0.000159
13.edf,test,EEG PPO1,0.000132,0.000193,0.000164,7e-06,0.000164
13.edf,test,EEG PPO2,0.000149,0.000204,0.000179,5e-06,0.000179
13.edf,test,EEG I1,0.000146,0.000287,0.000214,1e-05,0.000215
13.edf,test,EEG Iz,0.000136,0.000242,0.00019,9e-06,0.00019
13.edf,test,EEG I2,0.0001,0.000206,0.000155,9e-06,0.000156
13.edf,test,EEG AFp3h,-0.000191,-4e-06,-0.000137,1.5e-05,0.000138
13.edf,test,EEG AFp4h,-0.000193,-2e-05,-0.000151,1.3e-05,0.000151
13.edf,test,EEG AFF5h,-0.000172,-3.7e-05,-0.000112,8e-06,0.000113
13.edf,test,EEG AFF6h,-0.000206,8.9e-05,-0.000101,9e-06,0.000102
13.edf,test,EEG FFT7h,-0.00016,-7.3e-05,-0.000123,7e-06,0.000123
13.edf,test,EEG FFC1h,-0.000141,-9.2e-05,-0.000123,4e-06,0.000123
13.edf,test,EEG FFC2h,-7.8e-05,-1.8e-05,-5.6e-05,5e-06,5.6e-05
13.edf,test,EEG FFT8h,-0.000399,-7e-06,-0.000124,8e-06,0.000125
13.edf,test,EEG FTT9h,-0.000167,-7.5e-05,-0.000121,8e-06,0.000121
13.edf,test,EEG FTT7h,-0.000175,-8.7e-05,-0.00012,6e-06,0.00012
13.edf,test,EEG FCC1h,-0.000114,-0.000104,-0.00011,1e-06,0.00011
13.edf,test,EEG FCC2h,-0.000147,-0.000115,-0.000135,3e-06,0.000135
13.edf,test,EEG FTT8h,-0.00022,-6.8e-05,-0.000115,7e-06,0.000115
13.edf,test,EEG FTT10h,-0.000239,-8.1e-05,-0.000131,8e-06,0.000131
13.edf,test,EEG TTP7h,-0.000151,-7.4e-05,-0.00011,7e-06,0.000111
13.edf,test,EEG CCP1h,-0.000103,-8e-05,-9e-05,3e-06,9e-05
13.edf,test,EEG CCP2h,0.000215,0.000237,0.000226,2e-06,0.000226
13.edf,test,EEG TTP8h,0.000124,0.000279,0.000232,7e-06,0.000232
13.edf,test,EEG TPP7h,-6.8e-05,1.2e-05,-2.6e-05,7e-06,2.7e-05
13.edf,test,EEG CPP1h,0.000176,0.000215,0.000196,4e-06,0.000196
13.edf,test,EEG CPP2h,0.000182,0.000223,0.000205,4e-06,0.000205
13.edf,test,EEG TPP8h,0.000156,0.000241,0.0002,8e-06,0.0002
13.edf,test,EEG PPO9h,0.000174,0.000281,0.000226,9e-06,0.000226
13.edf,test,EEG PPO5h,0.000169,0.000245,0.000211,7e-06,0.000211
13.edf,test,EEG PPO6h,0.000157,0.000229,0.000193,7e-06,0.000194
13.edf,test,EEG PPO10h,0.000166,0.000261,0.000216,9e-06,0.000216
13.edf,test,EEG POO9h,0.000128,0.000236,0.000182,9e-06,0.000183
13.edf,test,EEG POO3h,0.000164,0.000242,0.000205,7e-06,0.000205
13.edf,test,EEG POO4h,0.000169,0.00025,0.000209,8e-06,0.00021
13.edf,test,EEG POO10h,0.000139,0.000236,0.000191,8e-06,0.000191
13.edf,test,EEG OI1h,0.000146,0.000245,0.000197,9e-06,0.000197
13.edf,test,EEG OI2h,0.000145,0.000244,0.000196,8e-06,0.000196
14.edf,test,EEG Fp1,-0.000225,0.00023,-1.4e-05,2.4e-05,2.8e-05
14.edf,test,EEG Fp2,-0.000211,0.000188,-3.5e-05,2.2e-05,4.1e-05
14.edf,test,EEG Fpz,-0.00019,0.000248,-1.2e-05,2.2e-05,2.5e-05
14.edf,test,EEG F7,-0.00084,0.000467,-1.9e-05,1.6e-05,2.5e-05
14.edf,test,EEG F3,-0.000258,0.000275,1.2e-05,1.1e-05,1.6e-05
14.edf,test,EEG Fz,-1.4e-05,0.00013,6.4e-05,9e-06,6.5e-05
14.edf,test,EEG F4,-0.000296,0.000189,-2.3e-05,1e-05,2.5e-05
14.edf,test,EEG F8,-0.000583,0.00039,-2.5e-05,1.7e-05,3.1e-05
14.edf,test,EEG FC5,-0.000432,0.000365,-8e-06,1.2e-05,1.5e-05
14.edf,test,EEG FC1,-0.00014,0.000129,-2.8e-05,6e-06,2.8e-05
14.edf,test,EEG FC2,-9.2e-05,0.000173,5.4e-05,5e-06,5.4e-05
14.edf,test,EEG FC6,-0.000671,0.000622,-3e-05,1.3e-05,3.3e-05
14.edf,test,EEG M1,-0.000261,0.00024,-2.2e-05,2.3e-05,3.2e-05
14.edf,test,EEG T7,-0.000496,0.000281,-1.2e-05,1.5e-05,1.9e-05
14.edf,test,EEG C3,-0.000355,0.000415,-3e-05,8e-06,3.1e-05
14.edf,test,EEG Cz,2.1e-05,2.7e-05,2.4e-05,1e-06,2.4e-05
14.edf,test,EEG C4,-0.000181,0.00046,0.000162,8e-06,0.000162
14.edf,test,EEG T8,-0.000404,0.000443,0.000172,1.8e-05,0.000173
14.edf,test,EEG M2,-0.000277,0.000448,1.8e-05,3.6e-05,4e-05
14.edf,test,EEG CP5,-0.000231,0.000634,0.000159,1.3e-05,0.00016
14.edf,test,EEG CP1,0.0001,0.000299,0.000184,8e-06,0.000184
14.edf,test,EEG CP2,7.2e-05,0.000248,0.00019,8e-06,0.00019
14.edf,test,EEG CP6,-0.000282,0.000501,0.000144,1.5e-05,0.000145
14.edf,test,EEG P7,-3.9e-05,0.000314,0.000168,1.5e-05,0.000169
14.edf,test,EEG P3,3.5e-05,0.000341,0.000175,1.3e-05,0.000175
14.edf,test,EEG Pz,7.9e-05,0.000219,0.000165,1.4e-05,0.000165
14.edf,test,EEG P4,-2.7e-05,0.000239,0.000147,1.3e-05,0.000148
14.edf,test,EEG P8,-2.1e-05,0.000281,0.000161,1.8e-05,0.000162
14.edf,test,EEG POz,3.7e-05,0.00024,0.000144,1.7e-05,0.000145
14.edf,test,EEG O1,7e-05,0.000317,0.000188,1.5e-05,0.000189
14.edf,test,EEG Oz,8e-05,0.000322,0.00017,1.6e-05,0.000171
14.edf,test,EEG O2,6.5e-05,0.000311,0.000167,1.5e-05,0.000167
14.edf,test,EOG EOGh,-0.004283,0.00393,0.000158,9.9e-05,0.000186
14.edf,test,EOG EOGv,-0.000411,0.000489,-0.000125,4.7e-05,0.000133
14.edf,test,EMG EMG_RH,-0.000235,0.000766,0.000175,3e-05,0.000178
14.edf,test,EMG EMG_LH,-0.000348,-3.2e-05,-0.000133,8e-06,0.000133
14.edf,test,EMG EMG_RF,-0.000557,0.00011,-0.000124,1.9e-05,0.000126
14.edf,test,EEG AF7,-0.000339,0.00049,4e-06,2.1e-05,2.1e-05
14.edf,test,EEG AF3,-0.000126,0.00017,9e-06,1.4e-05,1.6e-05
14.edf,test,EEG AF4,-0.000163,0.000121,0.0,1.4e-05,1.4e-05
14.edf,test,EEG AF8,-0.000206,0.00037,0.000104,1.9e-05,0.000106
14.edf,test,EEG F5,-0.000699,0.00063,-5.3e-05,1.5e-05,5.5e-05
14.edf,test,EEG F1,-0.000142,9e-05,-3.6e-05,9e-06,3.7e-05
14.edf,test,EEG F2,-4.5e-05,0.000186,8.7e-05,9e-06,8.8e-05
14.edf,test,EEG F6,-0.00053,0.00037,-3.8e-05,1.4e-05,4.1e-05
14.edf,test,EEG FC3,-0.000337,0.00038,-3.5e-05,8e-06,3.6e-05
14.edf,test,EEG FCz,-5.1e-05,1.2e-05,-1.7e-05,5e-06,1.8e-05
14.edf,test,EEG FC4,-0.000318,0.000374,1.7e-05,9e-06,1.9e-05
14.edf,test,EEG C5,-0.000411,0.000236,-6.8e-05,1.3e-05,6.9e-05
14.edf,test,EEG C1,-0.000135,0.0001,-3.8e-05,4e-06,3.9e-05
14.edf,test,EEG C2,-0.000162,5.2e-05,-4.3e-05,4e-06,4.4e-05
14.edf,test,EEG C6,-0.000792,0.000499,-5.1e-05,1.5e-05,5.3e-05
14.edf,test,EEG CP3,-0.000226,0.000234,-3.3e-05,1e-05,3.5e-05
14.edf,test,EEG CPz,0.000174,0.000253,0.000225,8e-06,0.000225
14.edf,test,EEG CP4,0.000157,0.000234,0.000198,3e-06,0.000198
14.edf,test,EEG P5,-0.000174,0.000204,1.6e-05,1.4e-05,2.1e-05
14.edf,test,EEG P1,0.000121,0.000285,0.000217,1.3e-05,0.000217
14.edf,test,EEG P2,0.000114,0.000288,0.000231,1.3e-05,0.000231
14.edf,test,EEG P6,3e-06,0.000352,0.000187,1.6e-05,0.000187
14.edf,test,EEG PO5,4.3e-05,0.000304,0.000205,1.6e-05,0.000205
14.edf,test,EEG PO3,9.8e-05,0.000311,0.000229,1.5e-05,0.00023
14.edf,test,EEG PO4,8.3e-05,0.00029,0.000198,1.5e-05,0.000198
14.edf,test,EEG PO6,8.5e-05,0.000312,0.000202,1.7e-05,0.000202
14.edf,test,EEG FT7,-0.000746,0.000787,0.00022,1.5e-05,0.00022
14.edf,test,EEG FT8,-0.000564,0.000724,0.000199,1.5e-05,0.0002
14.edf,test,EEG TP7,-2e-05,0.000368,0.000238,1.4e-05,0.000239
14.edf,test,EEG TP8,-0.000167,0.000439,0.00023,1.9e-05,0.000231
14.edf,test,EEG PO7,6.4e-05,0.000341,0.000219,1.5e-05,0.000219
14.edf,test,EEG PO8,9.4e-05,0.000332,0.000207,1.7e-05,0.000207
14.edf,test,EEG FT9,-0.00046,0.00051,0.000114,1.5e-05,0.000115
14.edf,test,EEG FT10,-0.000461,0.000508,0.000116,1.5e-05,0.000117
14.edf,test,EEG TPP9h,-0.000202,9.8e-05,-2.9e-05,1.5e-05,3.3e-05
14.edf,test,EEG TPP10h,-7.6e-05,0.000271,0.000112,1.7e-05,0.000113
14.edf,test,EEG PO9,-2.8e-05,0.000273,0.000125,1.7e-05,0.000126
14.edf,test,EEG PO10,-0.000231,8.4e-05,-6.9e-05,1.6e-05,7.1e-05
14.edf,test,EEG P9,-8.8e-05,0.00028,0.000111,1.5e-05,0.000112
14.edf,test,EEG P10,-5.8e-05,0.000302,0.000104,1.6e-05,0.000105
14.edf,test,EEG AFF1,-4.1e-05,0.000344,0.00011,1.6e-05,0.000111
14.edf,test,EEG AFz,-0.000176,7.6e-05,-5.1e-05,1.4e-05,5.3e-05
14.edf,test,EEG AFF2,-3e-05,0.000161,7.8e-05,1.1e-05,7.8e-05
14.edf,test,EEG FFC5h,-0.000608,0.000609,-5.2e-05,1.2e-05,5.3e-05
14.edf,test,EEG FFC3h,-0.000255,0.000212,-5e-05,8e-06,5e-05
14.edf,test,EEG FFC4h,-0.000143,0.000287,9.2e-05,8e-06,9.2e-05
14.edf,test,EEG FFC6h,-0.000547,0.000484,-5.7e-05,1.2e-05,5.8e-05
14.edf,test,EEG FCC5h,-0.00046,0.00081,9.6e-05,1.2e-05,9.6e-05
14.edf,test,EEG FCC3h,-3e-06,0.000502,0.000191,6e-06,0.000191
14.edf,test,EEG FCC4h,-9.1e-05,0.000377,0.000165,6e-06,0.000166
14.edf,test,EEG FCC6h,-0.000509,0.000633,7.9e-05,1.2e-05,8e-05
14.edf,test,EEG CCP5h,-0.000257,0.000716,0.000178,1.1e-05,0.000178
14.edf,test,EEG CCP3h,-0.0,0.000407,0.000167,7e-06,0.000167
14.edf,test,EEG CCP4h,-3.2e-05,0.00034,0.000183,7e-06,0.000183
14.edf,test,EEG CCP6h,-0.00024,0.000666,0.000213,1.1e-05,0.000214
14.edf,test,EEG CPP5h,-8e-06,0.000453,0.000191,1.2e-05,0.000192
14.edf,test,EEG CPP3h,6.3e-05,0.000339,0.000179,1.1e-05,0.00018
14.edf,test,EEG CPP4h,3.5e-05,0.000298,0.00019,1.1e-05,0.00019
14.edf,test,EEG CPP6h,-8e-05,0.000325,0.00016,1.3e-05,0.00016
14.edf,test,EEG PPO1,6.9e-05,0.000228,0.000167,1.6e-05,0.000168
14.edf,test,EEG PPO2,8.8e-05,0.000251,0.000184,1.5e-05,0.000184
14.edf,test,EEG I1,6e-05,0.000423,0.000211,1.5e-05,0.000212
14.edf,test,EEG Iz,3.9e-05,0.00039,0.000191,1.5e-05,0.000191
14.edf,test,EEG I2,5.6e-05,0.000301,0.000157,1.5e-05,0.000157
14.edf,test,EEG AFp3h,-0.000291,4.2e-05,-0.000135,1.9e-05,0.000137
14.edf,test,EEG AFp4h,-0.000301,2.2e-05,-0.00015,1.8e-05,0.000151
14.edf,test,EEG AFF5h,-0.000469,0.000298,-0.000112,1.4e-05,0.000113
14.edf,test,EEG AFF6h,-0.000419,9.2e-05,-0.000105,1.4e-05,0.000106
14.edf,test,EEG FFT7h,-0.000975,0.000316,-0.000124,1.5e-05,0.000125
14.edf,test,EEG FFC1h,-0.000178,-4.9e-05,-0.000124,7e-06,0.000124
14.edf,test,EEG FFC2h,-0.000128,9e-06,-5.3e-05,7e-06,5.4e-05
14.edf,test,EEG FFT8h,-0.000733,0.000333,-0.000125,1.8e-05,0.000127
14.edf,test,EEG FTT9h,-0.00071,0.000404,-0.00012,1.5e-05,0.000121
14.edf,test,EEG FTT7h,-0.000847,0.000211,-0.000121,1.3e-05,0.000122
14.edf,test,EEG FCC1h,-0.000156,-4.6e-05,-0.000111,3e-06,0.000111
14.edf,test,EEG FCC2h,-0.000197,-8.1e-05,-0.000134,3e-06,0.000135
14.edf,test,EEG FTT8h,-0.000679,0.000275,-0.000117,1.4e-05,0.000117
14.edf,test,EEG FTT10h,-0.000764,0.000291,-0.000133,1.5e-05,0.000133
14.edf,test,EEG TTP7h,-0.000496,6e-05,-0.000112,1.4e-05,0.000113
14.edf,test,EEG CCP1h,-0.000126,-3.8e-05,-9.1e-05,4e-06,9.1e-05
14.edf,test,EEG CCP2h,0.000151,0.000262,0.000224,4e-06,0.000224
14.edf,test,EEG TTP8h,-0.000246,0.000523,0.000225,1.6e-05,0.000225
14.edf,test,EEG TPP7h,-0.000274,0.000254,-2.5e-05,1.4e-05,2.9e-05
14.edf,test,EEG CPP1h,0.000128,0.000237,0.000197,1.1e-05,0.000197
14.edf,test,EEG CPP2h,0.000132,0.000254,0.000208,1.1e-05,0.000208
14.edf,test,EEG TPP8h,-7.2e-05,0.00046,0.000185,2.4e-05,0.000187
14.edf,test,EEG PPO9h,2.4e-05,0.000366,0.000226,1.6e-05,0.000226
14.edf,test,EEG PPO5h,6.3e-05,0.000333,0.000213,1.4e-05,0.000213
14.edf,test,EEG PPO6h,6.4e-05,0.000306,0.000194,1.5e-05,0.000194
14.edf,test,EEG PPO10h,-8.7e-05,0.000362,0.000215,1.8e-05,0.000216
14.edf,test,EEG POO9h,5.7e-05,0.000337,0.000186,1.4e-05,0.000186
14.edf,test,EEG POO3h,0.000115,0.00035,0.000204,1.6e-05,0.000205
14.edf,test,EEG POO4h,0.0001,0.000316,0.000212,1.6e-05,0.000213
14.edf,test,EEG POO10h,9.3e-05,0.000337,0.000193,1.5e-05,0.000193
14.edf,test,EEG OI1h,8.4e-05,0.000362,0.000198,1.4e-05,0.000198
14.edf,test,EEG OI2h,9.2e-05,0.000358,0.000201,1.4e-05,0.000201
